date_key,year,quarter,month_number,month_name,month_label,year_month,zone_id,zone_name,region_group,site_count,population_coverage_estimate,zone_priority_level,component_id,component_name,activity_type,strategic_axis,unit_of_measure,manager_id,manager_name,team_name,role,seniority_level,planned_activities,completed_activities,target_beneficiaries,actual_beneficiaries,target_output_units,actual_output_units,reports_expected,reports_submitted,reports_submitted_on_time,open_issues,closed_issues,high_priority_alerts,planned_budget,spent_budget,committed_budget,variance_amount,variance_percent,activity_completion_rate,beneficiary_achievement_rate,output_achievement_rate,reporting_on_time_rate,budget_execution_rate,alert_flag
2024-01-01,2024,Q1,1,January,Jan 2024,2024-01,Z01,Abidjan-Plateau,Afrique de l'Ouest,5,185000,High,C01,Mobilisation communautaire,Outreach,Engagement,Sessions,M01,A. Kouamé,Equipe Abidjan,Zone Manager,Senior,13,10,475,369,12,10,4,3,3,7,6,2,2594962,2062774,2105632,-532188,-20.5,0.7692,0.7768,0.8333,0.75,0.7949,1
2024-01-01,2024,Q1,1,January,Jan 2024,2024-01,Z01,Abidjan-Plateau,Afrique de l'Ouest,5,185000,High,C02,Formation,Capacity Building,Skills,Participants,M01,A. Kouamé,Equipe Abidjan,Zone Manager,Senior,8,7,212,173,199,150,4,4,3,1,1,2,1809254,1699339,1757455,-109915,-6.1,0.875,0.816,0.7538,0.75,0.9392,1
2024-01-01,2024,Q1,1,January,Jan 2024,2024-01,Z01,Abidjan-Plateau,Afrique de l'Ouest,5,185000,High,C03,Suivi de terrain,Monitoring,Quality,Visits,M01,A. Kouamé,Equipe Abidjan,Zone Manager,Senior,14,10,0,0,15,11,4,3,3,4,3,2,2623406,2402304,2505504,-221102,-8.4,0.7143,,0.7333,0.75,0.9157,1
2024-01-01,2024,Q1,1,January,Jan 2024,2024-01,Z01,Abidjan-Plateau,Afrique de l'Ouest,5,185000,High,C04,Appui ciblé,Support,Results,Cases,M01,A. Kouamé,Equipe Abidjan,Zone Manager,Senior,11,9,152,131,151,129,4,3,3,2,2,1,1694234,1589609,1636309,-104625,-6.2,0.8182,0.8618,0.8543,0.75,0.9382,0
2024-01-01,2024,Q1,1,January,Jan 2024,2024-01,Z02,Dakar-Almadies,Afrique de l'Ouest,4,142000,Medium,C01,Mobilisation communautaire,Outreach,Engagement,Sessions,M02,S. Diallo,Equipe Dakar,Zone Manager,Senior,13,9,496,312,12,8,4,3,3,5,4,2,2535397,2344594,2416364,-190803,-7.5,0.6923,0.629,0.6667,0.75,0.9247,1
2024-01-01,2024,Q1,1,January,Jan 2024,2024-01,Z02,Dakar-Almadies,Afrique de l'Ouest,4,142000,Medium,C02,Formation,Capacity Building,Skills,Participants,M02,S. Diallo,Equipe Dakar,Zone Manager,Senior,10,8,197,144,202,158,4,4,3,2,2,1,1741673,1336793,1353670,-404880,-23.2,0.8,0.731,0.7822,0.75,0.7675,1
2024-01-01,2024,Q1,1,January,Jan 2024,2024-01,Z02,Dakar-Almadies,Afrique de l'Ouest,4,142000,Medium,C03,Suivi de terrain,Monitoring,Quality,Visits,M02,S. Diallo,Equipe Dakar,Zone Manager,Senior,14,10,0,0,15,10,4,4,3,6,5,2,2786009,2277930,2378277,-508079,-18.2,0.7143,,0.6667,0.75,0.8176,1
2024-01-01,2024,Q1,1,January,Jan 2024,2024-01,Z02,Dakar-Almadies,Afrique de l'Ouest,4,142000,Medium,C04,Appui ciblé,Support,Results,Cases,M02,S. Diallo,Equipe Dakar,Zone Manager,Senior,10,8,173,141,151,129,4,4,3,1,1,2,1730511,1468541,1516631,-261970,-15.1,0.8,0.815,0.8543,0.75,0.8486,1
2024-01-01,2024,Q1,1,January,Jan 2024,2024-01,Z03,Douala-Littoral,Afrique Centrale,6,167000,High,C01,Mobilisation communautaire,Outreach,Engagement,Sessions,M03,R. Mbarga,Equipe Douala,Zone Manager,Mid,13,10,473,381,14,10,4,4,4,4,4,2,2445544,2347588,2449659,-97956,-4.0,0.7692,0.8055,0.7143,1.0,0.9599,1
2024-01-01,2024,Q1,1,January,Jan 2024,2024-01,Z03,Douala-Littoral,Afrique Centrale,6,167000,High,C02,Formation,Capacity Building,Skills,Participants,M03,R. Mbarga,Equipe Douala,Zone Manager,Mid,9,8,227,210,202,181,4,4,3,1,1,0,1765402,1811732,1832246,46330,2.6,0.8889,0.9251,0.896,0.75,1.0262,0
2024-01-01,2024,Q1,1,January,Jan 2024,2024-01,Z03,Douala-Littoral,Afrique Centrale,6,167000,High,C03,Suivi de terrain,Monitoring,Quality,Visits,M03,R. Mbarga,Equipe Douala,Zone Manager,Mid,14,11,0,0,14,11,4,4,3,7,6,1,2613253,2617303,2672159,4050,0.2,0.7857,,0.7857,0.75,1.0015,1
2024-01-01,2024,Q1,1,January,Jan 2024,2024-01,Z03,Douala-Littoral,Afrique Centrale,6,167000,High,C04,Appui ciblé,Support,Results,Cases,M03,R. Mbarga,Equipe Douala,Zone Manager,Mid,12,9,163,131,151,126,4,3,3,3,3,2,1715877,1499410,1542246,-216467,-12.6,0.75,0.8037,0.8344,0.75,0.8738,1
2024-01-01,2024,Q1,1,January,Jan 2024,2024-01,Z04,Nairobi-Westlands,Afrique de l'Est,4,198000,High,C01,Mobilisation communautaire,Outreach,Engagement,Sessions,M04,J. Kamau,Equipe Nairobi,Zone Manager,Senior,13,10,487,358,12,8,4,4,3,7,6,1,2504056,2152621,2176779,-351435,-14.0,0.7692,0.7351,0.6667,0.75,0.8597,1
2024-01-01,2024,Q1,1,January,Jan 2024,2024-01,Z04,Nairobi-Westlands,Afrique de l'Est,4,198000,High,C02,Formation,Capacity Building,Skills,Participants,M04,J. Kamau,Equipe Nairobi,Zone Manager,Senior,9,7,220,165,200,158,4,3,3,7,6,2,1797639,1540219,1585735,-257420,-14.3,0.7778,0.75,0.79,0.75,0.8568,1
2024-01-01,2024,Q1,1,January,Jan 2024,2024-01,Z04,Nairobi-Westlands,Afrique de l'Est,4,198000,High,C03,Suivi de terrain,Monitoring,Quality,Visits,M04,J. Kamau,Equipe Nairobi,Zone Manager,Senior,16,12,0,0,16,12,4,3,3,3,3,2,2716943,2535756,2620641,-181187,-6.7,0.75,,0.75,0.75,0.9333,1
2024-01-01,2024,Q1,1,January,Jan 2024,2024-01,Z04,Nairobi-Westlands,Afrique de l'Est,4,198000,High,C04,Appui ciblé,Support,Results,Cases,M04,J. Kamau,Equipe Nairobi,Zone Manager,Senior,10,8,138,97,152,130,4,4,3,1,1,1,1591687,1574128,1611545,-17559,-1.1,0.8,0.7029,0.8553,0.75,0.989,1
2024-01-01,2024,Q1,1,January,Jan 2024,2024-01,Z05,Kinshasa-Gombe,Afrique Centrale,3,210000,Medium,C01,Mobilisation communautaire,Outreach,Engagement,Sessions,M05,P. Mukendi,Equipe Kinshasa,Zone Manager,Mid,13,8,488,262,14,9,4,3,3,3,2,4,2619585,1987290,2061921,-632295,-24.1,0.6154,0.5369,0.6429,0.75,0.7586,1
2024-01-01,2024,Q1,1,January,Jan 2024,2024-01,Z05,Kinshasa-Gombe,Afrique Centrale,3,210000,Medium,C02,Formation,Capacity Building,Skills,Participants,M05,P. Mukendi,Equipe Kinshasa,Zone Manager,Mid,7,4,184,94,199,109,4,3,3,3,2,4,1774729,1097860,1110044,-676869,-38.1,0.5714,0.5109,0.5477,0.75,0.6186,1
2024-01-01,2024,Q1,1,January,Jan 2024,2024-01,Z05,Kinshasa-Gombe,Afrique Centrale,3,210000,Medium,C03,Suivi de terrain,Monitoring,Quality,Visits,M05,P. Mukendi,Equipe Kinshasa,Zone Manager,Mid,15,9,0,0,15,9,4,4,2,4,3,3,2613015,1883164,1974680,-729851,-27.9,0.6,,0.6,0.5,0.7207,1
2024-01-01,2024,Q1,1,January,Jan 2024,2024-01,Z05,Kinshasa-Gombe,Afrique Centrale,3,210000,Medium,C04,Appui ciblé,Support,Results,Cases,M05,P. Mukendi,Equipe Kinshasa,Zone Manager,Mid,9,5,172,100,152,89,4,2,2,3,2,2,1724686,1645068,1675122,-79618,-4.6,0.5556,0.5814,0.5855,0.5,0.9538,1
2024-01-01,2024,Q1,1,January,Jan 2024,2024-01,Z06,Casablanca-Anfa,Afrique du Nord,5,155000,Medium,C01,Mobilisation communautaire,Outreach,Engagement,Sessions,M06,H. Benchekroun,Equipe Casablanca,Zone Manager,Mid,11,8,475,337,12,8,4,4,3,4,3,3,2570809,2216447,2274918,-354362,-13.8,0.7273,0.7095,0.6667,0.75,0.8622,1
2024-01-01,2024,Q1,1,January,Jan 2024,2024-01,Z06,Casablanca-Anfa,Afrique du Nord,5,155000,Medium,C02,Formation,Capacity Building,Skills,Participants,M06,H. Benchekroun,Equipe Casablanca,Zone Manager,Mid,7,4,208,134,199,153,4,2,2,3,2,2,1705256,1574685,1633402,-130571,-7.7,0.5714,0.6442,0.7688,0.5,0.9234,1
2024-01-01,2024,Q1,1,January,Jan 2024,2024-01,Z06,Casablanca-Anfa,Afrique du Nord,5,155000,Medium,C03,Suivi de terrain,Monitoring,Quality,Visits,M06,H. Benchekroun,Equipe Casablanca,Zone Manager,Mid,15,11,0,0,17,13,4,3,3,6,5,2,2724281,1912799,2001669,-811482,-29.8,0.7333,,0.7647,0.75,0.7021,1
2024-01-01,2024,Q1,1,January,Jan 2024,2024-01,Z06,Casablanca-Anfa,Afrique du Nord,5,155000,Medium,C04,Appui ciblé,Support,Results,Cases,M06,H. Benchekroun,Equipe Casablanca,Zone Manager,Mid,11,9,157,119,152,124,4,3,3,3,3,1,1669704,1452675,1480204,-217029,-13.0,0.8182,0.758,0.8158,0.75,0.87,1
2024-02-01,2024,Q1,2,February,Feb 2024,2024-02,Z01,Abidjan-Plateau,Afrique de l'Ouest,5,185000,High,C01,Mobilisation communautaire,Outreach,Engagement,Sessions,M01,A. Kouamé,Equipe Abidjan,Zone Manager,Senior,14,12,492,400,12,10,4,4,3,1,1,1,2559473,2547915,2655446,-11558,-0.5,0.8571,0.813,0.8333,0.75,0.9955,0
2024-02-01,2024,Q1,2,February,Feb 2024,2024-02,Z01,Abidjan-Plateau,Afrique de l'Ouest,5,185000,High,C02,Formation,Capacity Building,Skills,Participants,M01,A. Kouamé,Equipe Abidjan,Zone Manager,Senior,7,6,216,169,200,161,4,3,3,2,2,2,1780074,1563117,1595966,-216957,-12.2,0.8571,0.7824,0.805,0.75,0.8781,1
2024-02-01,2024,Q1,2,February,Feb 2024,2024-02,Z01,Abidjan-Plateau,Afrique de l'Ouest,5,185000,High,C03,Suivi de terrain,Monitoring,Quality,Visits,M01,A. Kouamé,Equipe Abidjan,Zone Manager,Senior,16,14,0,0,15,13,4,4,4,2,2,0,2834745,2291180,2348595,-543565,-19.2,0.875,,0.8667,1.0,0.8082,0
2024-02-01,2024,Q1,2,February,Feb 2024,2024-02,Z01,Abidjan-Plateau,Afrique de l'Ouest,5,185000,High,C04,Appui ciblé,Support,Results,Cases,M01,A. Kouamé,Equipe Abidjan,Zone Manager,Senior,9,7,130,114,152,115,4,3,3,3,3,1,1591412,1367483,1397685,-223929,-14.1,0.7778,0.8769,0.7566,0.75,0.8593,1
2024-02-01,2024,Q1,2,February,Feb 2024,2024-02,Z02,Dakar-Almadies,Afrique de l'Ouest,4,142000,Medium,C01,Mobilisation communautaire,Outreach,Engagement,Sessions,M02,S. Diallo,Equipe Dakar,Zone Manager,Senior,13,10,464,351,12,9,4,4,3,7,6,1,2536482,2183217,2277035,-353265,-13.9,0.7692,0.7565,0.75,0.75,0.8607,1
2024-02-01,2024,Q1,2,February,Feb 2024,2024-02,Z02,Dakar-Almadies,Afrique de l'Ouest,4,142000,Medium,C02,Formation,Capacity Building,Skills,Participants,M02,S. Diallo,Equipe Dakar,Zone Manager,Senior,7,5,188,131,201,154,4,4,3,5,4,2,1804111,1522157,1598230,-281954,-15.6,0.7143,0.6968,0.7662,0.75,0.8437,1
2024-02-01,2024,Q1,2,February,Feb 2024,2024-02,Z02,Dakar-Almadies,Afrique de l'Ouest,4,142000,Medium,C03,Suivi de terrain,Monitoring,Quality,Visits,M02,S. Diallo,Equipe Dakar,Zone Manager,Senior,15,11,0,0,16,11,4,2,2,3,2,2,2821061,2387495,2491530,-433566,-15.4,0.7333,,0.6875,0.5,0.8463,1
2024-02-01,2024,Q1,2,February,Feb 2024,2024-02,Z02,Dakar-Almadies,Afrique de l'Ouest,4,142000,Medium,C04,Appui ciblé,Support,Results,Cases,M02,S. Diallo,Equipe Dakar,Zone Manager,Senior,11,9,179,139,150,116,4,4,3,7,6,2,1647182,1318670,1347600,-328512,-19.9,0.8182,0.7765,0.7733,0.75,0.8006,1
2024-02-01,2024,Q1,2,February,Feb 2024,2024-02,Z03,Douala-Littoral,Afrique Centrale,6,167000,High,C01,Mobilisation communautaire,Outreach,Engagement,Sessions,M03,R. Mbarga,Equipe Douala,Zone Manager,Mid,12,10,494,404,11,9,4,4,3,2,2,1,2428338,2074504,2135224,-353834,-14.6,0.8333,0.8178,0.8182,0.75,0.8543,0
2024-02-01,2024,Q1,2,February,Feb 2024,2024-02,Z03,Douala-Littoral,Afrique Centrale,6,167000,High,C02,Formation,Capacity Building,Skills,Participants,M03,R. Mbarga,Equipe Douala,Zone Manager,Mid,7,6,202,183,200,174,4,4,3,3,3,0,1788154,1798179,1878125,10025,0.6,0.8571,0.9059,0.87,0.75,1.0056,0
2024-02-01,2024,Q1,2,February,Feb 2024,2024-02,Z03,Douala-Littoral,Afrique Centrale,6,167000,High,C03,Suivi de terrain,Monitoring,Quality,Visits,M03,R. Mbarga,Equipe Douala,Zone Manager,Mid,15,13,0,0,15,14,4,4,3,2,2,0,2668458,2438246,2526620,-230212,-8.6,0.8667,,0.9333,0.75,0.9137,0
2024-02-01,2024,Q1,2,February,Feb 2024,2024-02,Z03,Douala-Littoral,Afrique Centrale,6,167000,High,C04,Appui ciblé,Support,Results,Cases,M03,R. Mbarga,Equipe Douala,Zone Manager,Mid,11,10,156,147,150,138,4,3,3,2,2,0,1749610,1678625,1705478,-70985,-4.1,0.9091,0.9423,0.92,0.75,0.9594,0
2024-02-01,2024,Q1,2,February,Feb 2024,2024-02,Z04,Nairobi-Westlands,Afrique de l'Est,4,198000,High,C01,Mobilisation communautaire,Outreach,Engagement,Sessions,M04,J. Kamau,Equipe Nairobi,Zone Manager,Senior,12,11,472,382,14,12,4,4,4,1,1,0,2600664,2206301,2249571,-394363,-15.2,0.9167,0.8093,0.8571,1.0,0.8484,0
2024-02-01,2024,Q1,2,February,Feb 2024,2024-02,Z04,Nairobi-Westlands,Afrique de l'Est,4,198000,High,C02,Formation,Capacity Building,Skills,Participants,M04,J. Kamau,Equipe Nairobi,Zone Manager,Senior,9,8,197,167,199,174,4,4,3,3,3,2,1714883,1572330,1625791,-142553,-8.3,0.8889,0.8477,0.8744,0.75,0.9169,1
2024-02-01,2024,Q1,2,February,Feb 2024,2024-02,Z04,Nairobi-Westlands,Afrique de l'Est,4,198000,High,C03,Suivi de terrain,Monitoring,Quality,Visits,M04,J. Kamau,Equipe Nairobi,Zone Manager,Senior,16,13,0,0,15,11,4,3,3,1,1,2,2773154,2158741,2207925,-614413,-22.2,0.8125,,0.7333,0.75,0.7784,1
2024-02-01,2024,Q1,2,February,Feb 2024,2024-02,Z04,Nairobi-Westlands,Afrique de l'Est,4,198000,High,C04,Appui ciblé,Support,Results,Cases,M04,J. Kamau,Equipe Nairobi,Zone Manager,Senior,12,9,168,140,149,108,4,4,3,3,3,2,1536681,1328127,1394399,-208554,-13.6,0.75,0.8333,0.7248,0.75,0.8643,1
2024-02-01,2024,Q1,2,February,Feb 2024,2024-02,Z05,Kinshasa-Gombe,Afrique Centrale,3,210000,Medium,C01,Mobilisation communautaire,Outreach,Engagement,Sessions,M05,P. Mukendi,Equipe Kinshasa,Zone Manager,Mid,12,9,483,359,14,11,4,3,3,7,6,2,2468007,1480804,1549330,-987203,-40.0,0.75,0.7433,0.7857,0.75,0.6,1
2024-02-01,2024,Q1,2,February,Feb 2024,2024-02,Z05,Kinshasa-Gombe,Afrique Centrale,3,210000,Medium,C02,Formation,Capacity Building,Skills,Participants,M05,P. Mukendi,Equipe Kinshasa,Zone Manager,Mid,9,6,212,126,201,120,4,3,2,7,5,2,1806063,1205934,1252149,-600129,-33.2,0.6667,0.5943,0.597,0.5,0.6677,1
2024-02-01,2024,Q1,2,February,Feb 2024,2024-02,Z05,Kinshasa-Gombe,Afrique Centrale,3,210000,Medium,C03,Suivi de terrain,Monitoring,Quality,Visits,M05,P. Mukendi,Equipe Kinshasa,Zone Manager,Mid,17,11,0,0,15,9,4,2,2,5,4,3,2749957,1898543,1979498,-851414,-31.0,0.6471,,0.6,0.5,0.6904,1
2024-02-01,2024,Q1,2,February,Feb 2024,2024-02,Z05,Kinshasa-Gombe,Afrique Centrale,3,210000,Medium,C04,Appui ciblé,Support,Results,Cases,M05,P. Mukendi,Equipe Kinshasa,Zone Manager,Mid,11,7,159,114,152,92,4,4,3,4,3,4,1589959,1508798,1556152,-81161,-5.1,0.6364,0.717,0.6053,0.75,0.949,1
2024-02-01,2024,Q1,2,February,Feb 2024,2024-02,Z06,Casablanca-Anfa,Afrique du Nord,5,155000,Medium,C01,Mobilisation communautaire,Outreach,Engagement,Sessions,M06,H. Benchekroun,Equipe Casablanca,Zone Manager,Mid,13,11,465,390,12,10,4,4,3,1,1,1,2605756,1769428,1812496,-836328,-32.1,0.8462,0.8387,0.8333,0.75,0.679,0
2024-02-01,2024,Q1,2,February,Feb 2024,2024-02,Z06,Casablanca-Anfa,Afrique du Nord,5,155000,Medium,C02,Formation,Capacity Building,Skills,Participants,M06,H. Benchekroun,Equipe Casablanca,Zone Manager,Mid,7,6,209,196,202,189,4,4,3,2,2,0,1778694,1497052,1562648,-281642,-15.8,0.8571,0.9378,0.9356,0.75,0.8417,0
2024-02-01,2024,Q1,2,February,Feb 2024,2024-02,Z06,Casablanca-Anfa,Afrique du Nord,5,155000,Medium,C03,Suivi de terrain,Monitoring,Quality,Visits,M06,H. Benchekroun,Equipe Casablanca,Zone Manager,Mid,14,10,0,0,14,10,4,4,3,3,3,1,2820368,2194071,2241795,-626297,-22.2,0.7143,,0.7143,0.75,0.7779,1
2024-02-01,2024,Q1,2,February,Feb 2024,2024-02,Z06,Casablanca-Anfa,Afrique du Nord,5,155000,Medium,C04,Appui ciblé,Support,Results,Cases,M06,H. Benchekroun,Equipe Casablanca,Zone Manager,Mid,10,8,159,122,151,130,4,4,3,7,6,2,1623412,1227081,1245632,-396331,-24.4,0.8,0.7673,0.8609,0.75,0.7559,1
2024-03-01,2024,Q1,3,March,Mar 2024,2024-03,Z01,Abidjan-Plateau,Afrique de l'Ouest,5,185000,High,C01,Mobilisation communautaire,Outreach,Engagement,Sessions,M01,A. Kouamé,Equipe Abidjan,Zone Manager,Senior,14,13,488,436,13,12,4,4,3,3,3,0,2467804,2191602,2293522,-276202,-11.2,0.9286,0.8934,0.9231,0.75,0.8881,0
2024-03-01,2024,Q1,3,March,Mar 2024,2024-03,Z01,Abidjan-Plateau,Afrique de l'Ouest,5,185000,High,C02,Formation,Capacity Building,Skills,Participants,M01,A. Kouamé,Equipe Abidjan,Zone Manager,Senior,10,8,184,155,201,170,4,3,3,1,1,1,1948230,1605635,1665346,-342595,-17.6,0.8,0.8424,0.8458,0.75,0.8242,0
2024-03-01,2024,Q1,3,March,Mar 2024,2024-03,Z01,Abidjan-Plateau,Afrique de l'Ouest,5,185000,High,C03,Suivi de terrain,Monitoring,Quality,Visits,M01,A. Kouamé,Equipe Abidjan,Zone Manager,Senior,15,13,0,0,14,12,4,4,4,2,2,0,2687984,2354576,2399155,-333408,-12.4,0.8667,,0.8571,1.0,0.876,0
2024-03-01,2024,Q1,3,March,Mar 2024,2024-03,Z01,Abidjan-Plateau,Afrique de l'Ouest,5,185000,High,C04,Appui ciblé,Support,Results,Cases,M01,A. Kouamé,Equipe Abidjan,Zone Manager,Senior,12,12,179,179,149,149,4,4,3,2,2,0,1728440,1494928,1528240,-233512,-13.5,1.0,1.0,1.0,0.75,0.8649,0
2024-03-01,2024,Q1,3,March,Mar 2024,2024-03,Z02,Dakar-Almadies,Afrique de l'Ouest,4,142000,Medium,C01,Mobilisation communautaire,Outreach,Engagement,Sessions,M02,S. Diallo,Equipe Dakar,Zone Manager,Senior,14,12,486,427,12,10,4,4,4,1,1,0,2606593,2329850,2407720,-276743,-10.6,0.8571,0.8786,0.8333,1.0,0.8938,0
2024-03-01,2024,Q1,3,March,Mar 2024,2024-03,Z02,Dakar-Almadies,Afrique de l'Ouest,4,142000,Medium,C02,Formation,Capacity Building,Skills,Participants,M02,S. Diallo,Equipe Dakar,Zone Manager,Senior,10,8,226,185,200,164,4,3,2,6,5,1,1821572,1479576,1544749,-341996,-18.8,0.8,0.8186,0.82,0.5,0.8123,1
2024-03-01,2024,Q1,3,March,Mar 2024,2024-03,Z02,Dakar-Almadies,Afrique de l'Ouest,4,142000,Medium,C03,Suivi de terrain,Monitoring,Quality,Visits,M02,S. Diallo,Equipe Dakar,Zone Manager,Senior,17,15,0,0,15,14,4,4,4,2,2,0,2723348,2533587,2617734,-189761,-7.0,0.8824,,0.9333,1.0,0.9303,0
2024-03-01,2024,Q1,3,March,Mar 2024,2024-03,Z02,Dakar-Almadies,Afrique de l'Ouest,4,142000,Medium,C04,Appui ciblé,Support,Results,Cases,M02,S. Diallo,Equipe Dakar,Zone Manager,Senior,12,9,147,127,152,120,4,3,3,7,6,1,1662700,1460125,1478886,-202575,-12.2,0.75,0.8639,0.7895,0.75,0.8782,1
2024-03-01,2024,Q1,3,March,Mar 2024,2024-03,Z03,Douala-Littoral,Afrique Centrale,6,167000,High,C01,Mobilisation communautaire,Outreach,Engagement,Sessions,M03,R. Mbarga,Equipe Douala,Zone Manager,Mid,11,10,509,481,11,10,4,4,3,1,1,0,2633157,2449758,2540957,-183399,-7.0,0.9091,0.945,0.9091,0.75,0.9304,0
2024-03-01,2024,Q1,3,March,Mar 2024,2024-03,Z03,Douala-Littoral,Afrique Centrale,6,167000,High,C02,Formation,Capacity Building,Skills,Participants,M03,R. Mbarga,Equipe Douala,Zone Manager,Mid,10,9,222,188,199,168,4,4,3,2,2,0,1838893,1744175,1782432,-94718,-5.2,0.9,0.8468,0.8442,0.75,0.9485,0
2024-03-01,2024,Q1,3,March,Mar 2024,2024-03,Z03,Douala-Littoral,Afrique Centrale,6,167000,High,C03,Suivi de terrain,Monitoring,Quality,Visits,M03,R. Mbarga,Equipe Douala,Zone Manager,Mid,14,13,0,0,15,14,4,3,3,2,2,0,2614172,2466773,2589357,-147399,-5.6,0.9286,,0.9333,0.75,0.9436,0
2024-03-01,2024,Q1,3,March,Mar 2024,2024-03,Z03,Douala-Littoral,Afrique Centrale,6,167000,High,C04,Appui ciblé,Support,Results,Cases,M03,R. Mbarga,Equipe Douala,Zone Manager,Mid,12,10,155,116,150,128,4,4,3,1,1,2,1589828,1423086,1460609,-166742,-10.5,0.8333,0.7484,0.8533,0.75,0.8951,1
2024-03-01,2024,Q1,3,March,Mar 2024,2024-03,Z04,Nairobi-Westlands,Afrique de l'Est,4,198000,High,C01,Mobilisation communautaire,Outreach,Engagement,Sessions,M04,J. Kamau,Equipe Nairobi,Zone Manager,Senior,11,10,496,419,11,10,4,4,4,1,1,0,2549265,2594686,2635498,45421,1.8,0.9091,0.8448,0.9091,1.0,1.0178,0
2024-03-01,2024,Q1,3,March,Mar 2024,2024-03,Z04,Nairobi-Westlands,Afrique de l'Est,4,198000,High,C02,Formation,Capacity Building,Skills,Participants,M04,J. Kamau,Equipe Nairobi,Zone Manager,Senior,10,8,211,171,199,155,4,4,3,3,3,1,1926071,1483224,1540516,-442847,-23.0,0.8,0.8104,0.7789,0.75,0.7701,0
2024-03-01,2024,Q1,3,March,Mar 2024,2024-03,Z04,Nairobi-Westlands,Afrique de l'Est,4,198000,High,C03,Suivi de terrain,Monitoring,Quality,Visits,M04,J. Kamau,Equipe Nairobi,Zone Manager,Senior,16,13,0,0,17,12,4,4,3,5,4,1,2804194,2599917,2728523,-204277,-7.3,0.8125,,0.7059,0.75,0.9272,0
2024-03-01,2024,Q1,3,March,Mar 2024,2024-03,Z04,Nairobi-Westlands,Afrique de l'Est,4,198000,High,C04,Appui ciblé,Support,Results,Cases,M04,J. Kamau,Equipe Nairobi,Zone Manager,Senior,12,10,145,123,152,124,4,4,3,1,1,0,1582159,1433810,1484538,-148349,-9.4,0.8333,0.8483,0.8158,0.75,0.9062,0
2024-03-01,2024,Q1,3,March,Mar 2024,2024-03,Z05,Kinshasa-Gombe,Afrique Centrale,3,210000,Medium,C01,Mobilisation communautaire,Outreach,Engagement,Sessions,M05,P. Mukendi,Equipe Kinshasa,Zone Manager,Mid,14,9,473,294,13,8,4,3,2,7,5,2,2401235,1538528,1601518,-862707,-35.9,0.6429,0.6216,0.6154,0.5,0.6407,1
2024-03-01,2024,Q1,3,March,Mar 2024,2024-03,Z05,Kinshasa-Gombe,Afrique Centrale,3,210000,Medium,C02,Formation,Capacity Building,Skills,Participants,M05,P. Mukendi,Equipe Kinshasa,Zone Manager,Mid,8,5,226,142,202,114,4,4,3,6,4,3,1851068,1281316,1333311,-569752,-30.8,0.625,0.6283,0.5644,0.75,0.6922,1
2024-03-01,2024,Q1,3,March,Mar 2024,2024-03,Z05,Kinshasa-Gombe,Afrique Centrale,3,210000,Medium,C03,Suivi de terrain,Monitoring,Quality,Visits,M05,P. Mukendi,Equipe Kinshasa,Zone Manager,Mid,15,10,0,0,17,11,4,3,2,6,5,4,2728339,1917758,1946862,-810581,-29.7,0.6667,,0.6471,0.5,0.7029,1
2024-03-01,2024,Q1,3,March,Mar 2024,2024-03,Z05,Kinshasa-Gombe,Afrique Centrale,3,210000,Medium,C04,Appui ciblé,Support,Results,Cases,M05,P. Mukendi,Equipe Kinshasa,Zone Manager,Mid,11,6,152,87,152,88,4,2,2,4,3,3,1613694,1564669,1640732,-49025,-3.0,0.5455,0.5724,0.5789,0.5,0.9696,1
2024-03-01,2024,Q1,3,March,Mar 2024,2024-03,Z06,Casablanca-Anfa,Afrique du Nord,5,155000,Medium,C01,Mobilisation communautaire,Outreach,Engagement,Sessions,M06,H. Benchekroun,Equipe Casablanca,Zone Manager,Mid,12,10,472,419,12,10,4,4,3,1,1,1,2500484,1936980,1956712,-563504,-22.5,0.8333,0.8877,0.8333,0.75,0.7746,0
2024-03-01,2024,Q1,3,March,Mar 2024,2024-03,Z06,Casablanca-Anfa,Afrique du Nord,5,155000,Medium,C02,Formation,Capacity Building,Skills,Participants,M06,H. Benchekroun,Equipe Casablanca,Zone Manager,Mid,9,7,180,150,200,154,4,4,4,4,4,2,1839927,1542081,1558370,-297846,-16.2,0.7778,0.8333,0.77,1.0,0.8381,1
2024-03-01,2024,Q1,3,March,Mar 2024,2024-03,Z06,Casablanca-Anfa,Afrique du Nord,5,155000,Medium,C03,Suivi de terrain,Monitoring,Quality,Visits,M06,H. Benchekroun,Equipe Casablanca,Zone Manager,Mid,16,13,0,0,17,13,4,3,3,2,2,2,2684466,2349123,2443731,-335343,-12.5,0.8125,,0.7647,0.75,0.8751,1
2024-03-01,2024,Q1,3,March,Mar 2024,2024-03,Z06,Casablanca-Anfa,Afrique du Nord,5,155000,Medium,C04,Appui ciblé,Support,Results,Cases,M06,H. Benchekroun,Equipe Casablanca,Zone Manager,Mid,12,10,134,111,149,128,4,4,4,1,1,1,1639207,1398065,1447092,-241142,-14.7,0.8333,0.8284,0.8591,1.0,0.8529,0
2024-04-01,2024,Q2,4,April,Apr 2024,2024-04,Z01,Abidjan-Plateau,Afrique de l'Ouest,5,185000,High,C01,Mobilisation communautaire,Outreach,Engagement,Sessions,M01,A. Kouamé,Equipe Abidjan,Zone Manager,Senior,12,12,509,509,14,13,4,4,4,2,2,0,2465227,2425685,2471896,-39542,-1.6,1.0,1.0,0.9286,1.0,0.984,0
2024-04-01,2024,Q2,4,April,Apr 2024,2024-04,Z01,Abidjan-Plateau,Afrique de l'Ouest,5,185000,High,C02,Formation,Capacity Building,Skills,Participants,M01,A. Kouamé,Equipe Abidjan,Zone Manager,Senior,7,6,228,202,200,174,4,3,3,1,1,0,1929896,1702915,1746070,-226981,-11.8,0.8571,0.886,0.87,0.75,0.8824,0
2024-04-01,2024,Q2,4,April,Apr 2024,2024-04,Z01,Abidjan-Plateau,Afrique de l'Ouest,5,185000,High,C03,Suivi de terrain,Monitoring,Quality,Visits,M01,A. Kouamé,Equipe Abidjan,Zone Manager,Senior,15,14,0,0,14,12,4,4,4,2,2,0,2754316,2550899,2607643,-203417,-7.4,0.9333,,0.8571,1.0,0.9261,0
2024-04-01,2024,Q2,4,April,Apr 2024,2024-04,Z01,Abidjan-Plateau,Afrique de l'Ouest,5,185000,High,C04,Appui ciblé,Support,Results,Cases,M01,A. Kouamé,Equipe Abidjan,Zone Manager,Senior,11,10,174,166,152,148,4,4,4,3,3,0,1517114,1399684,1429964,-117430,-7.7,0.9091,0.954,0.9737,1.0,0.9226,0
2024-04-01,2024,Q2,4,April,Apr 2024,2024-04,Z02,Dakar-Almadies,Afrique de l'Ouest,4,142000,Medium,C01,Mobilisation communautaire,Outreach,Engagement,Sessions,M02,S. Diallo,Equipe Dakar,Zone Manager,Senior,12,9,487,357,11,8,4,4,3,4,4,1,2590796,2085188,2149436,-505608,-19.5,0.75,0.7331,0.7273,0.75,0.8048,1
2024-04-01,2024,Q2,4,April,Apr 2024,2024-04,Z02,Dakar-Almadies,Afrique de l'Ouest,4,142000,Medium,C02,Formation,Capacity Building,Skills,Participants,M02,S. Diallo,Equipe Dakar,Zone Manager,Senior,9,8,208,202,199,180,4,4,4,2,2,0,1837394,1440845,1512626,-396549,-21.6,0.8889,0.9712,0.9045,1.0,0.7842,0
2024-04-01,2024,Q2,4,April,Apr 2024,2024-04,Z02,Dakar-Almadies,Afrique de l'Ouest,4,142000,Medium,C03,Suivi de terrain,Monitoring,Quality,Visits,M02,S. Diallo,Equipe Dakar,Zone Manager,Senior,14,11,0,0,14,12,4,4,3,3,3,1,2689845,2573925,2702224,-115920,-4.3,0.7857,,0.8571,0.75,0.9569,1
2024-04-01,2024,Q2,4,April,Apr 2024,2024-04,Z02,Dakar-Almadies,Afrique de l'Ouest,4,142000,Medium,C04,Appui ciblé,Support,Results,Cases,M02,S. Diallo,Equipe Dakar,Zone Manager,Senior,9,8,178,168,151,122,4,4,3,2,2,0,1628497,1344206,1408625,-284291,-17.5,0.8889,0.9438,0.8079,0.75,0.8254,0
2024-04-01,2024,Q2,4,April,Apr 2024,2024-04,Z03,Douala-Littoral,Afrique Centrale,6,167000,High,C01,Mobilisation communautaire,Outreach,Engagement,Sessions,M03,R. Mbarga,Equipe Douala,Zone Manager,Mid,13,11,471,409,14,12,4,3,3,2,2,0,2640702,2508640,2615208,-132062,-5.0,0.8462,0.8684,0.8571,0.75,0.95,0
2024-04-01,2024,Q2,4,April,Apr 2024,2024-04,Z03,Douala-Littoral,Afrique Centrale,6,167000,High,C02,Formation,Capacity Building,Skills,Participants,M03,R. Mbarga,Equipe Douala,Zone Manager,Mid,7,6,190,178,201,173,4,4,4,3,3,0,1705013,1590902,1615160,-114111,-6.7,0.8571,0.9368,0.8607,1.0,0.9331,0
2024-04-01,2024,Q2,4,April,Apr 2024,2024-04,Z03,Douala-Littoral,Afrique Centrale,6,167000,High,C03,Suivi de terrain,Monitoring,Quality,Visits,M03,R. Mbarga,Equipe Douala,Zone Manager,Mid,16,15,0,0,16,16,4,3,3,3,3,0,2792433,2836605,2867457,44172,1.6,0.9375,,1.0,0.75,1.0158,0
2024-04-01,2024,Q2,4,April,Apr 2024,2024-04,Z03,Douala-Littoral,Afrique Centrale,6,167000,High,C04,Appui ciblé,Support,Results,Cases,M03,R. Mbarga,Equipe Douala,Zone Manager,Mid,9,9,142,131,151,141,4,4,4,1,1,0,1632286,1547315,1603052,-84971,-5.2,1.0,0.9225,0.9338,1.0,0.9479,0
2024-04-01,2024,Q2,4,April,Apr 2024,2024-04,Z04,Nairobi-Westlands,Afrique de l'Est,4,198000,High,C01,Mobilisation communautaire,Outreach,Engagement,Sessions,M04,J. Kamau,Equipe Nairobi,Zone Manager,Senior,13,12,488,472,14,14,4,4,4,3,3,0,2409794,2241276,2297325,-168518,-7.0,0.9231,0.9672,1.0,1.0,0.9301,0
2024-04-01,2024,Q2,4,April,Apr 2024,2024-04,Z04,Nairobi-Westlands,Afrique de l'Est,4,198000,High,C02,Formation,Capacity Building,Skills,Participants,M04,J. Kamau,Equipe Nairobi,Zone Manager,Senior,10,9,185,180,200,200,4,4,4,1,1,0,1867856,1638672,1658243,-229184,-12.3,0.9,0.973,1.0,1.0,0.8773,0
2024-04-01,2024,Q2,4,April,Apr 2024,2024-04,Z04,Nairobi-Westlands,Afrique de l'Est,4,198000,High,C03,Suivi de terrain,Monitoring,Quality,Visits,M04,J. Kamau,Equipe Nairobi,Zone Manager,Senior,16,14,0,0,16,13,4,4,4,1,1,0,2612572,2492848,2583784,-119724,-4.6,0.875,,0.8125,1.0,0.9542,0
2024-04-01,2024,Q2,4,April,Apr 2024,2024-04,Z04,Nairobi-Westlands,Afrique de l'Est,4,198000,High,C04,Appui ciblé,Support,Results,Cases,M04,J. Kamau,Equipe Nairobi,Zone Manager,Senior,10,9,168,146,150,132,4,4,3,2,2,0,1671328,1487010,1508767,-184318,-11.0,0.9,0.869,0.88,0.75,0.8897,0
2024-04-01,2024,Q2,4,April,Apr 2024,2024-04,Z05,Kinshasa-Gombe,Afrique Centrale,3,210000,Medium,C01,Mobilisation communautaire,Outreach,Engagement,Sessions,M05,P. Mukendi,Equipe Kinshasa,Zone Manager,Mid,11,8,478,343,13,10,4,4,3,4,3,2,2516474,1670508,1712622,-845966,-33.6,0.7273,0.7176,0.7692,0.75,0.6638,1
2024-04-01,2024,Q2,4,April,Apr 2024,2024-04,Z05,Kinshasa-Gombe,Afrique Centrale,3,210000,Medium,C02,Formation,Capacity Building,Skills,Participants,M05,P. Mukendi,Equipe Kinshasa,Zone Manager,Mid,10,6,209,132,201,144,4,3,2,7,5,3,1843466,1250596,1273382,-592870,-32.2,0.6,0.6316,0.7164,0.5,0.6784,1
2024-04-01,2024,Q2,4,April,Apr 2024,2024-04,Z05,Kinshasa-Gombe,Afrique Centrale,3,210000,Medium,C03,Suivi de terrain,Monitoring,Quality,Visits,M05,P. Mukendi,Equipe Kinshasa,Zone Manager,Mid,14,10,0,0,16,11,4,4,2,6,5,4,2779762,2149681,2225377,-630081,-22.7,0.7143,,0.6875,0.5,0.7733,1
2024-04-01,2024,Q2,4,April,Apr 2024,2024-04,Z05,Kinshasa-Gombe,Afrique Centrale,3,210000,Medium,C04,Appui ciblé,Support,Results,Cases,M05,P. Mukendi,Equipe Kinshasa,Zone Manager,Mid,10,7,161,95,149,109,4,3,3,3,2,3,1578935,1605149,1654607,26214,1.7,0.7,0.5901,0.7315,0.75,1.0166,1
2024-04-01,2024,Q2,4,April,Apr 2024,2024-04,Z06,Casablanca-Anfa,Afrique du Nord,5,155000,Medium,C01,Mobilisation communautaire,Outreach,Engagement,Sessions,M06,H. Benchekroun,Equipe Casablanca,Zone Manager,Mid,11,10,506,496,12,10,4,4,4,1,1,0,2563262,2036069,2124080,-527193,-20.6,0.9091,0.9802,0.8333,1.0,0.7943,0
2024-04-01,2024,Q2,4,April,Apr 2024,2024-04,Z06,Casablanca-Anfa,Afrique du Nord,5,155000,Medium,C02,Formation,Capacity Building,Skills,Participants,M06,H. Benchekroun,Equipe Casablanca,Zone Manager,Mid,9,6,219,158,202,132,4,4,2,5,4,4,1727502,1381867,1423963,-345635,-20.0,0.6667,0.7215,0.6535,0.5,0.7999,1
2024-04-01,2024,Q2,4,April,Apr 2024,2024-04,Z06,Casablanca-Anfa,Afrique du Nord,5,155000,Medium,C03,Suivi de terrain,Monitoring,Quality,Visits,M06,H. Benchekroun,Equipe Casablanca,Zone Manager,Mid,14,11,0,0,14,11,4,4,4,1,1,1,2761925,2325006,2358139,-436919,-15.8,0.7857,,0.7857,1.0,0.8418,1
2024-04-01,2024,Q2,4,April,Apr 2024,2024-04,Z06,Casablanca-Anfa,Afrique du Nord,5,155000,Medium,C04,Appui ciblé,Support,Results,Cases,M06,H. Benchekroun,Equipe Casablanca,Zone Manager,Mid,9,7,158,129,150,117,4,3,3,2,2,1,1552074,1303589,1348380,-248485,-16.0,0.7778,0.8165,0.78,0.75,0.8399,1
2024-05-01,2024,Q2,5,May,May 2024,2024-05,Z01,Abidjan-Plateau,Afrique de l'Ouest,5,185000,High,C01,Mobilisation communautaire,Outreach,Engagement,Sessions,M01,A. Kouamé,Equipe Abidjan,Zone Manager,Senior,12,11,475,457,14,12,4,4,3,1,1,0,2603937,2328037,2370097,-275900,-10.6,0.9167,0.9621,0.8571,0.75,0.894,0
2024-05-01,2024,Q2,5,May,May 2024,2024-05,Z01,Abidjan-Plateau,Afrique de l'Ouest,5,185000,High,C02,Formation,Capacity Building,Skills,Participants,M01,A. Kouamé,Equipe Abidjan,Zone Manager,Senior,8,8,211,211,200,200,4,4,4,2,2,0,1884401,1833102,1881478,-51299,-2.7,1.0,1.0,1.0,1.0,0.9728,0
2024-05-01,2024,Q2,5,May,May 2024,2024-05,Z01,Abidjan-Plateau,Afrique de l'Ouest,5,185000,High,C03,Suivi de terrain,Monitoring,Quality,Visits,M01,A. Kouamé,Equipe Abidjan,Zone Manager,Senior,17,15,0,0,16,14,4,4,3,2,2,0,2642040,2557839,2604667,-84201,-3.2,0.8824,,0.875,0.75,0.9681,0
2024-05-01,2024,Q2,5,May,May 2024,2024-05,Z01,Abidjan-Plateau,Afrique de l'Ouest,5,185000,High,C04,Appui ciblé,Support,Results,Cases,M01,A. Kouamé,Equipe Abidjan,Zone Manager,Senior,12,12,174,168,151,142,4,4,4,2,2,0,1744612,1600197,1646965,-144415,-8.3,1.0,0.9655,0.9404,1.0,0.9172,0
2024-05-01,2024,Q2,5,May,May 2024,2024-05,Z02,Dakar-Almadies,Afrique de l'Ouest,4,142000,Medium,C01,Mobilisation communautaire,Outreach,Engagement,Sessions,M02,S. Diallo,Equipe Dakar,Zone Manager,Senior,13,12,496,469,13,12,4,4,4,2,2,0,2461474,2312630,2419647,-148844,-6.0,0.9231,0.9456,0.9231,1.0,0.9395,0
2024-05-01,2024,Q2,5,May,May 2024,2024-05,Z02,Dakar-Almadies,Afrique de l'Ouest,4,142000,Medium,C02,Formation,Capacity Building,Skills,Participants,M02,S. Diallo,Equipe Dakar,Zone Manager,Senior,7,7,218,214,202,202,4,4,3,3,3,0,1918951,1634064,1687933,-284887,-14.8,1.0,0.9817,1.0,0.75,0.8515,0
2024-05-01,2024,Q2,5,May,May 2024,2024-05,Z02,Dakar-Almadies,Afrique de l'Ouest,4,142000,Medium,C03,Suivi de terrain,Monitoring,Quality,Visits,M02,S. Diallo,Equipe Dakar,Zone Manager,Senior,15,13,0,0,16,14,4,4,3,3,3,0,2729526,2362233,2434206,-367293,-13.5,0.8667,,0.875,0.75,0.8654,0
2024-05-01,2024,Q2,5,May,May 2024,2024-05,Z02,Dakar-Almadies,Afrique de l'Ouest,4,142000,Medium,C04,Appui ciblé,Support,Results,Cases,M02,S. Diallo,Equipe Dakar,Zone Manager,Senior,9,8,149,145,152,148,4,4,4,1,1,0,1689677,1471724,1529037,-217953,-12.9,0.8889,0.9732,0.9737,1.0,0.871,0
2024-05-01,2024,Q2,5,May,May 2024,2024-05,Z03,Douala-Littoral,Afrique Centrale,6,167000,High,C01,Mobilisation communautaire,Outreach,Engagement,Sessions,M03,R. Mbarga,Equipe Douala,Zone Manager,Mid,14,14,471,454,12,12,4,4,4,3,3,0,2637182,2421961,2541961,-215221,-8.2,1.0,0.9639,1.0,1.0,0.9184,0
2024-05-01,2024,Q2,5,May,May 2024,2024-05,Z03,Douala-Littoral,Afrique Centrale,6,167000,High,C02,Formation,Capacity Building,Skills,Participants,M03,R. Mbarga,Equipe Douala,Zone Manager,Mid,8,7,196,178,202,190,4,4,4,1,1,0,1777600,1712673,1747894,-64927,-3.7,0.875,0.9082,0.9406,1.0,0.9635,0
2024-05-01,2024,Q2,5,May,May 2024,2024-05,Z03,Douala-Littoral,Afrique Centrale,6,167000,High,C03,Suivi de terrain,Monitoring,Quality,Visits,M03,R. Mbarga,Equipe Douala,Zone Manager,Mid,15,14,0,0,17,17,4,4,4,1,1,0,2613128,2482751,2511496,-130377,-5.0,0.9333,,1.0,1.0,0.9501,0
2024-05-01,2024,Q2,5,May,May 2024,2024-05,Z03,Douala-Littoral,Afrique Centrale,6,167000,High,C04,Appui ciblé,Support,Results,Cases,M03,R. Mbarga,Equipe Douala,Zone Manager,Mid,9,9,159,150,151,140,4,4,3,3,3,0,1576170,1484466,1520700,-91704,-5.8,1.0,0.9434,0.9272,0.75,0.9418,0
2024-05-01,2024,Q2,5,May,May 2024,2024-05,Z04,Nairobi-Westlands,Afrique de l'Est,4,198000,High,C01,Mobilisation communautaire,Outreach,Engagement,Sessions,M04,J. Kamau,Equipe Nairobi,Zone Manager,Senior,12,11,490,452,11,9,4,4,3,3,3,0,2577410,2170881,2200839,-406529,-15.8,0.9167,0.9224,0.8182,0.75,0.8423,0
2024-05-01,2024,Q2,5,May,May 2024,2024-05,Z04,Nairobi-Westlands,Afrique de l'Est,4,198000,High,C02,Formation,Capacity Building,Skills,Participants,M04,J. Kamau,Equipe Nairobi,Zone Manager,Senior,10,9,224,208,201,181,4,3,3,1,1,0,1898758,1843216,1927288,-55542,-2.9,0.9,0.9286,0.9005,0.75,0.9707,0
2024-05-01,2024,Q2,5,May,May 2024,2024-05,Z04,Nairobi-Westlands,Afrique de l'Est,4,198000,High,C03,Suivi de terrain,Monitoring,Quality,Visits,M04,J. Kamau,Equipe Nairobi,Zone Manager,Senior,14,12,0,0,15,14,4,4,3,2,2,0,2602535,2427999,2468839,-174536,-6.7,0.8571,,0.9333,0.75,0.9329,0
2024-05-01,2024,Q2,5,May,May 2024,2024-05,Z04,Nairobi-Westlands,Afrique de l'Est,4,198000,High,C04,Appui ciblé,Support,Results,Cases,M04,J. Kamau,Equipe Nairobi,Zone Manager,Senior,12,10,167,133,150,137,4,4,3,3,3,0,1593723,1289371,1348400,-304352,-19.1,0.8333,0.7964,0.9133,0.75,0.809,1
2024-05-01,2024,Q2,5,May,May 2024,2024-05,Z05,Kinshasa-Gombe,Afrique Centrale,3,210000,Medium,C01,Mobilisation communautaire,Outreach,Engagement,Sessions,M05,P. Mukendi,Equipe Kinshasa,Zone Manager,Mid,11,7,504,336,13,8,4,3,3,5,3,2,2563002,1714152,1756843,-848850,-33.1,0.6364,0.6667,0.6154,0.75,0.6688,1
2024-05-01,2024,Q2,5,May,May 2024,2024-05,Z05,Kinshasa-Gombe,Afrique Centrale,3,210000,Medium,C02,Formation,Capacity Building,Skills,Participants,M05,P. Mukendi,Equipe Kinshasa,Zone Manager,Mid,9,7,183,136,202,148,4,4,4,3,3,1,1789842,1390478,1414554,-399364,-22.3,0.7778,0.7432,0.7327,1.0,0.7769,1
2024-05-01,2024,Q2,5,May,May 2024,2024-05,Z05,Kinshasa-Gombe,Afrique Centrale,3,210000,Medium,C03,Suivi de terrain,Monitoring,Quality,Visits,M05,P. Mukendi,Equipe Kinshasa,Zone Manager,Mid,14,9,0,0,14,9,4,3,2,7,5,2,2705061,1694268,1767847,-1010793,-37.4,0.6429,,0.6429,0.5,0.6263,1
2024-05-01,2024,Q2,5,May,May 2024,2024-05,Z05,Kinshasa-Gombe,Afrique Centrale,3,210000,Medium,C04,Appui ciblé,Support,Results,Cases,M05,P. Mukendi,Equipe Kinshasa,Zone Manager,Mid,10,7,167,126,150,110,4,3,3,7,6,1,1680853,1784755,1848924,103902,6.2,0.7,0.7545,0.7333,0.75,1.0618,1
2024-05-01,2024,Q2,5,May,May 2024,2024-05,Z06,Casablanca-Anfa,Afrique du Nord,5,155000,Medium,C01,Mobilisation communautaire,Outreach,Engagement,Sessions,M06,H. Benchekroun,Equipe Casablanca,Zone Manager,Mid,12,10,494,476,13,11,4,3,3,1,1,1,2608905,1912830,1944719,-696075,-26.7,0.8333,0.9636,0.8462,0.75,0.7332,0
2024-05-01,2024,Q2,5,May,May 2024,2024-05,Z06,Casablanca-Anfa,Afrique du Nord,5,155000,Medium,C02,Formation,Capacity Building,Skills,Participants,M06,H. Benchekroun,Equipe Casablanca,Zone Manager,Mid,9,7,181,156,200,158,4,4,3,7,6,1,1734737,1410477,1477755,-324260,-18.7,0.7778,0.8619,0.79,0.75,0.8131,1
2024-05-01,2024,Q2,5,May,May 2024,2024-05,Z06,Casablanca-Anfa,Afrique du Nord,5,155000,Medium,C03,Suivi de terrain,Monitoring,Quality,Visits,M06,H. Benchekroun,Equipe Casablanca,Zone Manager,Mid,16,14,0,0,14,11,4,3,3,3,3,2,2641784,2114277,2144191,-527507,-20.0,0.875,,0.7857,0.75,0.8003,1
2024-05-01,2024,Q2,5,May,May 2024,2024-05,Z06,Casablanca-Anfa,Afrique du Nord,5,155000,Medium,C04,Appui ciblé,Support,Results,Cases,M06,H. Benchekroun,Equipe Casablanca,Zone Manager,Mid,9,6,160,121,152,107,4,4,3,3,2,1,1738872,1267748,1314827,-471124,-27.1,0.6667,0.7562,0.7039,0.75,0.7291,1
2024-06-01,2024,Q2,6,June,Jun 2024,2024-06,Z01,Abidjan-Plateau,Afrique de l'Ouest,5,185000,High,C01,Mobilisation communautaire,Outreach,Engagement,Sessions,M01,A. Kouamé,Equipe Abidjan,Zone Manager,Senior,12,11,477,442,13,11,4,4,4,2,2,0,2447516,2060041,2131015,-387475,-15.8,0.9167,0.9266,0.8462,1.0,0.8417,0
2024-06-01,2024,Q2,6,June,Jun 2024,2024-06,Z01,Abidjan-Plateau,Afrique de l'Ouest,5,185000,High,C02,Formation,Capacity Building,Skills,Participants,M01,A. Kouamé,Equipe Abidjan,Zone Manager,Senior,7,6,221,190,200,157,4,4,4,2,2,0,1904253,1696404,1759813,-207849,-10.9,0.8571,0.8597,0.785,1.0,0.8909,0
2024-06-01,2024,Q2,6,June,Jun 2024,2024-06,Z01,Abidjan-Plateau,Afrique de l'Ouest,5,185000,High,C03,Suivi de terrain,Monitoring,Quality,Visits,M01,A. Kouamé,Equipe Abidjan,Zone Manager,Senior,14,13,0,0,16,14,4,4,4,1,1,0,2819817,2569588,2670036,-250229,-8.9,0.9286,,0.875,1.0,0.9113,0
2024-06-01,2024,Q2,6,June,Jun 2024,2024-06,Z01,Abidjan-Plateau,Afrique de l'Ouest,5,185000,High,C04,Appui ciblé,Support,Results,Cases,M01,A. Kouamé,Equipe Abidjan,Zone Manager,Senior,9,8,135,113,149,124,4,4,4,1,1,0,1733770,1719897,1744866,-13873,-0.8,0.8889,0.837,0.8322,1.0,0.992,0
2024-06-01,2024,Q2,6,June,Jun 2024,2024-06,Z02,Dakar-Almadies,Afrique de l'Ouest,4,142000,Medium,C01,Mobilisation communautaire,Outreach,Engagement,Sessions,M02,S. Diallo,Equipe Dakar,Zone Manager,Senior,13,10,502,390,11,8,4,4,4,3,3,1,2507815,2379365,2445101,-128450,-5.1,0.7692,0.7769,0.7273,1.0,0.9488,1
2024-06-01,2024,Q2,6,June,Jun 2024,2024-06,Z02,Dakar-Almadies,Afrique de l'Ouest,4,142000,Medium,C02,Formation,Capacity Building,Skills,Participants,M02,S. Diallo,Equipe Dakar,Zone Manager,Senior,9,8,186,170,200,191,4,3,3,2,2,0,1716603,1452591,1508055,-264012,-15.4,0.8889,0.914,0.955,0.75,0.8462,0
2024-06-01,2024,Q2,6,June,Jun 2024,2024-06,Z02,Dakar-Almadies,Afrique de l'Ouest,4,142000,Medium,C03,Suivi de terrain,Monitoring,Quality,Visits,M02,S. Diallo,Equipe Dakar,Zone Manager,Senior,16,14,0,0,15,14,4,3,3,3,3,0,2777714,2505433,2583083,-272281,-9.8,0.875,,0.9333,0.75,0.902,0
2024-06-01,2024,Q2,6,June,Jun 2024,2024-06,Z02,Dakar-Almadies,Afrique de l'Ouest,4,142000,Medium,C04,Appui ciblé,Support,Results,Cases,M02,S. Diallo,Equipe Dakar,Zone Manager,Senior,11,10,131,119,150,141,4,4,4,2,2,0,1694936,1324402,1389451,-370534,-21.9,0.9091,0.9084,0.94,1.0,0.7814,0
2024-06-01,2024,Q2,6,June,Jun 2024,2024-06,Z03,Douala-Littoral,Afrique Centrale,6,167000,High,C01,Mobilisation communautaire,Outreach,Engagement,Sessions,M03,R. Mbarga,Equipe Douala,Zone Manager,Mid,14,14,464,464,12,12,4,3,3,3,3,0,2575595,2277187,2379491,-298408,-11.6,1.0,1.0,1.0,0.75,0.8841,0
2024-06-01,2024,Q2,6,June,Jun 2024,2024-06,Z03,Douala-Littoral,Afrique Centrale,6,167000,High,C02,Formation,Capacity Building,Skills,Participants,M03,R. Mbarga,Equipe Douala,Zone Manager,Mid,10,9,201,176,200,168,4,3,3,1,1,0,1836078,1519905,1540894,-316173,-17.2,0.9,0.8756,0.84,0.75,0.8278,0
2024-06-01,2024,Q2,6,June,Jun 2024,2024-06,Z03,Douala-Littoral,Afrique Centrale,6,167000,High,C03,Suivi de terrain,Monitoring,Quality,Visits,M03,R. Mbarga,Equipe Douala,Zone Manager,Mid,14,14,0,0,14,14,4,4,4,3,3,0,2773464,2514204,2612424,-259260,-9.3,1.0,,1.0,1.0,0.9065,0
2024-06-01,2024,Q2,6,June,Jun 2024,2024-06,Z03,Douala-Littoral,Afrique Centrale,6,167000,High,C04,Appui ciblé,Support,Results,Cases,M03,R. Mbarga,Equipe Douala,Zone Manager,Mid,9,8,152,138,152,143,4,4,4,3,3,0,1626334,1413278,1449168,-213056,-13.1,0.8889,0.9079,0.9408,1.0,0.869,0
2024-06-01,2024,Q2,6,June,Jun 2024,2024-06,Z04,Nairobi-Westlands,Afrique de l'Est,4,198000,High,C01,Mobilisation communautaire,Outreach,Engagement,Sessions,M04,J. Kamau,Equipe Nairobi,Zone Manager,Senior,14,12,498,434,11,10,4,4,4,1,1,0,2619947,2500201,2607853,-119746,-4.6,0.8571,0.8715,0.9091,1.0,0.9543,0
2024-06-01,2024,Q2,6,June,Jun 2024,2024-06,Z04,Nairobi-Westlands,Afrique de l'Est,4,198000,High,C02,Formation,Capacity Building,Skills,Participants,M04,J. Kamau,Equipe Nairobi,Zone Manager,Senior,7,6,180,154,202,181,4,4,3,3,3,0,1933848,1740542,1802742,-193306,-10.0,0.8571,0.8556,0.896,0.75,0.9,0
2024-06-01,2024,Q2,6,June,Jun 2024,2024-06,Z04,Nairobi-Westlands,Afrique de l'Est,4,198000,High,C03,Suivi de terrain,Monitoring,Quality,Visits,M04,J. Kamau,Equipe Nairobi,Zone Manager,Senior,16,14,0,0,14,12,4,4,4,1,1,0,2641137,2320132,2390253,-321005,-12.2,0.875,,0.8571,1.0,0.8785,0
2024-06-01,2024,Q2,6,June,Jun 2024,2024-06,Z04,Nairobi-Westlands,Afrique de l'Est,4,198000,High,C04,Appui ciblé,Support,Results,Cases,M04,J. Kamau,Equipe Nairobi,Zone Manager,Senior,11,10,166,146,152,124,4,4,3,2,2,0,1623021,1545616,1565701,-77405,-4.8,0.9091,0.8795,0.8158,0.75,0.9523,0
2024-06-01,2024,Q2,6,June,Jun 2024,2024-06,Z05,Kinshasa-Gombe,Afrique Centrale,3,210000,Medium,C01,Mobilisation communautaire,Outreach,Engagement,Sessions,M05,P. Mukendi,Equipe Kinshasa,Zone Manager,Mid,13,9,470,331,14,10,4,2,2,6,5,2,2528882,1517329,1551963,-1011553,-40.0,0.6923,0.7043,0.7143,0.5,0.6,1
2024-06-01,2024,Q2,6,June,Jun 2024,2024-06,Z05,Kinshasa-Gombe,Afrique Centrale,3,210000,Medium,C02,Formation,Capacity Building,Skills,Participants,M05,P. Mukendi,Equipe Kinshasa,Zone Manager,Mid,7,5,205,156,201,139,4,3,3,3,2,4,1786742,1248840,1272453,-537902,-30.1,0.7143,0.761,0.6915,0.75,0.6989,1
2024-06-01,2024,Q2,6,June,Jun 2024,2024-06,Z05,Kinshasa-Gombe,Afrique Centrale,3,210000,Medium,C03,Suivi de terrain,Monitoring,Quality,Visits,M05,P. Mukendi,Equipe Kinshasa,Zone Manager,Mid,15,10,0,0,16,9,4,3,3,4,3,2,2768641,1872718,1919808,-895923,-32.4,0.6667,,0.5625,0.75,0.6764,1
2024-06-01,2024,Q2,6,June,Jun 2024,2024-06,Z05,Kinshasa-Gombe,Afrique Centrale,3,210000,Medium,C04,Appui ciblé,Support,Results,Cases,M05,P. Mukendi,Equipe Kinshasa,Zone Manager,Mid,10,6,178,118,149,99,4,4,3,6,4,4,1714198,1856666,1934740,142468,8.3,0.6,0.6629,0.6644,0.75,1.0831,1
2024-06-01,2024,Q2,6,June,Jun 2024,2024-06,Z06,Casablanca-Anfa,Afrique du Nord,5,155000,Medium,C01,Mobilisation communautaire,Outreach,Engagement,Sessions,M06,H. Benchekroun,Equipe Casablanca,Zone Manager,Mid,13,11,500,391,13,11,4,4,3,3,3,2,2517466,2215319,2265479,-302147,-12.0,0.8462,0.782,0.8462,0.75,0.88,1
2024-06-01,2024,Q2,6,June,Jun 2024,2024-06,Z06,Casablanca-Anfa,Afrique du Nord,5,155000,Medium,C02,Formation,Capacity Building,Skills,Participants,M06,H. Benchekroun,Equipe Casablanca,Zone Manager,Mid,9,8,212,167,199,166,4,3,3,2,2,0,1830383,1568685,1631134,-261698,-14.3,0.8889,0.7877,0.8342,0.75,0.857,1
2024-06-01,2024,Q2,6,June,Jun 2024,2024-06,Z06,Casablanca-Anfa,Afrique du Nord,5,155000,Medium,C03,Suivi de terrain,Monitoring,Quality,Visits,M06,H. Benchekroun,Equipe Casablanca,Zone Manager,Mid,14,12,0,0,17,13,4,3,3,2,2,1,2604658,2264596,2337709,-340062,-13.1,0.8571,,0.7647,0.75,0.8694,0
2024-06-01,2024,Q2,6,June,Jun 2024,2024-06,Z06,Casablanca-Anfa,Afrique du Nord,5,155000,Medium,C04,Appui ciblé,Support,Results,Cases,M06,H. Benchekroun,Equipe Casablanca,Zone Manager,Mid,10,8,133,114,152,133,4,4,4,3,3,1,1500044,1285824,1341161,-214220,-14.3,0.8,0.8571,0.875,1.0,0.8572,0
2024-07-01,2024,Q3,7,July,Jul 2024,2024-07,Z01,Abidjan-Plateau,Afrique de l'Ouest,5,185000,High,C01,Mobilisation communautaire,Outreach,Engagement,Sessions,M01,A. Kouamé,Equipe Abidjan,Zone Manager,Senior,12,10,505,424,14,12,4,4,3,2,2,2,2607561,2174387,2222623,-433174,-16.6,0.8333,0.8396,0.8571,0.75,0.8339,1
2024-07-01,2024,Q3,7,July,Jul 2024,2024-07,Z01,Abidjan-Plateau,Afrique de l'Ouest,5,185000,High,C02,Formation,Capacity Building,Skills,Participants,M01,A. Kouamé,Equipe Abidjan,Zone Manager,Senior,9,8,223,198,199,185,4,3,3,2,2,0,1833257,1556872,1607460,-276385,-15.1,0.8889,0.8879,0.9296,0.75,0.8492,0
2024-07-01,2024,Q3,7,July,Jul 2024,2024-07,Z01,Abidjan-Plateau,Afrique de l'Ouest,5,185000,High,C03,Suivi de terrain,Monitoring,Quality,Visits,M01,A. Kouamé,Equipe Abidjan,Zone Manager,Senior,16,15,0,0,16,15,4,4,3,2,2,0,2771598,2301424,2357886,-470174,-17.0,0.9375,,0.9375,0.75,0.8304,0
2024-07-01,2024,Q3,7,July,Jul 2024,2024-07,Z01,Abidjan-Plateau,Afrique de l'Ouest,5,185000,High,C04,Appui ciblé,Support,Results,Cases,M01,A. Kouamé,Equipe Abidjan,Zone Manager,Senior,11,10,149,145,152,149,4,3,3,2,2,0,1514227,1166708,1216484,-347519,-23.0,0.9091,0.9732,0.9803,0.75,0.7705,0
2024-07-01,2024,Q3,7,July,Jul 2024,2024-07,Z02,Dakar-Almadies,Afrique de l'Ouest,4,142000,Medium,C01,Mobilisation communautaire,Outreach,Engagement,Sessions,M02,S. Diallo,Equipe Dakar,Zone Manager,Senior,13,10,468,341,11,8,4,4,3,3,3,2,2621332,2034749,2105539,-586583,-22.4,0.7692,0.7286,0.7273,0.75,0.7762,1
2024-07-01,2024,Q3,7,July,Jul 2024,2024-07,Z02,Dakar-Almadies,Afrique de l'Ouest,4,142000,Medium,C02,Formation,Capacity Building,Skills,Participants,M02,S. Diallo,Equipe Dakar,Zone Manager,Senior,9,7,229,204,202,170,4,4,4,3,3,2,1824029,1590015,1651495,-234014,-12.8,0.7778,0.8908,0.8416,1.0,0.8717,1
2024-07-01,2024,Q3,7,July,Jul 2024,2024-07,Z02,Dakar-Almadies,Afrique de l'Ouest,4,142000,Medium,C03,Suivi de terrain,Monitoring,Quality,Visits,M02,S. Diallo,Equipe Dakar,Zone Manager,Senior,14,12,0,0,16,14,4,4,3,1,1,1,2695235,2274037,2365846,-421198,-15.6,0.8571,,0.875,0.75,0.8437,0
2024-07-01,2024,Q3,7,July,Jul 2024,2024-07,Z02,Dakar-Almadies,Afrique de l'Ouest,4,142000,Medium,C04,Appui ciblé,Support,Results,Cases,M02,S. Diallo,Equipe Dakar,Zone Manager,Senior,10,9,176,163,152,135,4,4,4,2,2,0,1558129,1279458,1292365,-278671,-17.9,0.9,0.9261,0.8882,1.0,0.8212,0
2024-07-01,2024,Q3,7,July,Jul 2024,2024-07,Z03,Douala-Littoral,Afrique Centrale,6,167000,High,C01,Mobilisation communautaire,Outreach,Engagement,Sessions,M03,R. Mbarga,Equipe Douala,Zone Manager,Mid,14,12,474,366,12,10,4,4,4,1,1,2,2493097,2479554,2533309,-13543,-0.5,0.8571,0.7722,0.8333,1.0,0.9946,1
2024-07-01,2024,Q3,7,July,Jul 2024,2024-07,Z03,Douala-Littoral,Afrique Centrale,6,167000,High,C02,Formation,Capacity Building,Skills,Participants,M03,R. Mbarga,Equipe Douala,Zone Manager,Mid,10,9,209,168,201,175,4,4,3,1,1,0,1836835,1440312,1476256,-396523,-21.6,0.9,0.8038,0.8706,0.75,0.7841,0
2024-07-01,2024,Q3,7,July,Jul 2024,2024-07,Z03,Douala-Littoral,Afrique Centrale,6,167000,High,C03,Suivi de terrain,Monitoring,Quality,Visits,M03,R. Mbarga,Equipe Douala,Zone Manager,Mid,15,14,0,0,16,16,4,4,4,3,3,0,2627871,2508185,2547358,-119686,-4.6,0.9333,,1.0,1.0,0.9545,0
2024-07-01,2024,Q3,7,July,Jul 2024,2024-07,Z03,Douala-Littoral,Afrique Centrale,6,167000,High,C04,Appui ciblé,Support,Results,Cases,M03,R. Mbarga,Equipe Douala,Zone Manager,Mid,9,9,148,138,149,144,4,4,4,2,2,0,1687919,1570091,1632424,-117828,-7.0,1.0,0.9324,0.9664,1.0,0.9302,0
2024-07-01,2024,Q3,7,July,Jul 2024,2024-07,Z04,Nairobi-Westlands,Afrique de l'Est,4,198000,High,C01,Mobilisation communautaire,Outreach,Engagement,Sessions,M04,J. Kamau,Equipe Nairobi,Zone Manager,Senior,14,13,482,482,11,10,4,4,4,1,1,0,2507272,2368138,2409585,-139134,-5.5,0.9286,1.0,0.9091,1.0,0.9445,0
2024-07-01,2024,Q3,7,July,Jul 2024,2024-07,Z04,Nairobi-Westlands,Afrique de l'Est,4,198000,High,C02,Formation,Capacity Building,Skills,Participants,M04,J. Kamau,Equipe Nairobi,Zone Manager,Senior,8,7,181,154,201,182,4,4,3,1,1,1,1943850,1810352,1890166,-133498,-6.9,0.875,0.8508,0.9055,0.75,0.9313,0
2024-07-01,2024,Q3,7,July,Jul 2024,2024-07,Z04,Nairobi-Westlands,Afrique de l'Est,4,198000,High,C03,Suivi de terrain,Monitoring,Quality,Visits,M04,J. Kamau,Equipe Nairobi,Zone Manager,Senior,17,16,0,0,15,14,4,3,3,1,1,0,2656515,2069832,2149876,-586683,-22.1,0.9412,,0.9333,0.75,0.7792,0
2024-07-01,2024,Q3,7,July,Jul 2024,2024-07,Z04,Nairobi-Westlands,Afrique de l'Est,4,198000,High,C04,Appui ciblé,Support,Results,Cases,M04,J. Kamau,Equipe Nairobi,Zone Manager,Senior,10,9,165,147,152,138,4,4,4,1,1,0,1528250,1387495,1443392,-140755,-9.2,0.9,0.8909,0.9079,1.0,0.9079,0
2024-07-01,2024,Q3,7,July,Jul 2024,2024-07,Z05,Kinshasa-Gombe,Afrique Centrale,3,210000,Medium,C01,Mobilisation communautaire,Outreach,Engagement,Sessions,M05,P. Mukendi,Equipe Kinshasa,Zone Manager,Mid,14,10,464,335,11,8,4,2,2,7,6,1,2412189,1887377,1950703,-524812,-21.8,0.7143,0.722,0.7273,0.5,0.7824,1
2024-07-01,2024,Q3,7,July,Jul 2024,2024-07,Z05,Kinshasa-Gombe,Afrique Centrale,3,210000,Medium,C02,Formation,Capacity Building,Skills,Participants,M05,P. Mukendi,Equipe Kinshasa,Zone Manager,Mid,7,5,219,133,201,131,4,2,2,7,5,3,1902413,1196845,1251505,-705568,-37.1,0.7143,0.6073,0.6517,0.5,0.6291,1
2024-07-01,2024,Q3,7,July,Jul 2024,2024-07,Z05,Kinshasa-Gombe,Afrique Centrale,3,210000,Medium,C03,Suivi de terrain,Monitoring,Quality,Visits,M05,P. Mukendi,Equipe Kinshasa,Zone Manager,Mid,14,10,0,0,17,12,4,4,3,5,4,2,2719901,1631941,1657049,-1087960,-40.0,0.7143,,0.7059,0.75,0.6,1
2024-07-01,2024,Q3,7,July,Jul 2024,2024-07,Z05,Kinshasa-Gombe,Afrique Centrale,3,210000,Medium,C04,Appui ciblé,Support,Results,Cases,M05,P. Mukendi,Equipe Kinshasa,Zone Manager,Mid,9,5,152,79,150,84,4,3,2,4,3,2,1630764,1824757,1883385,193993,11.9,0.5556,0.5197,0.56,0.5,1.119,1
2024-07-01,2024,Q3,7,July,Jul 2024,2024-07,Z06,Casablanca-Anfa,Afrique du Nord,5,155000,Medium,C01,Mobilisation communautaire,Outreach,Engagement,Sessions,M06,H. Benchekroun,Equipe Casablanca,Zone Manager,Mid,12,9,509,408,14,11,4,4,3,4,3,1,2513458,2067745,2157801,-445713,-17.7,0.75,0.8016,0.7857,0.75,0.8227,1
2024-07-01,2024,Q3,7,July,Jul 2024,2024-07,Z06,Casablanca-Anfa,Afrique du Nord,5,155000,Medium,C02,Formation,Capacity Building,Skills,Participants,M06,H. Benchekroun,Equipe Casablanca,Zone Manager,Mid,7,5,198,129,200,159,4,3,3,5,4,2,1826597,1667672,1745064,-158925,-8.7,0.7143,0.6515,0.795,0.75,0.913,1
2024-07-01,2024,Q3,7,July,Jul 2024,2024-07,Z06,Casablanca-Anfa,Afrique du Nord,5,155000,Medium,C03,Suivi de terrain,Monitoring,Quality,Visits,M06,H. Benchekroun,Equipe Casablanca,Zone Manager,Mid,17,11,0,0,16,11,4,3,3,5,4,2,2781355,2147632,2218809,-633723,-22.8,0.6471,,0.6875,0.75,0.7722,1
2024-07-01,2024,Q3,7,July,Jul 2024,2024-07,Z06,Casablanca-Anfa,Afrique du Nord,5,155000,Medium,C04,Appui ciblé,Support,Results,Cases,M06,H. Benchekroun,Equipe Casablanca,Zone Manager,Mid,9,7,153,121,152,133,4,4,3,2,2,1,1691494,1405938,1456975,-285556,-16.9,0.7778,0.7908,0.875,0.75,0.8312,1
2024-08-01,2024,Q3,8,August,Aug 2024,2024-08,Z01,Abidjan-Plateau,Afrique de l'Ouest,5,185000,High,C01,Mobilisation communautaire,Outreach,Engagement,Sessions,M01,A. Kouamé,Equipe Abidjan,Zone Manager,Senior,13,10,465,358,14,11,4,4,3,7,6,2,2558901,2237169,2338530,-321732,-12.6,0.7692,0.7699,0.7857,0.75,0.8743,1
2024-08-01,2024,Q3,8,August,Aug 2024,2024-08,Z01,Abidjan-Plateau,Afrique de l'Ouest,5,185000,High,C02,Formation,Capacity Building,Skills,Participants,M01,A. Kouamé,Equipe Abidjan,Zone Manager,Senior,9,7,199,166,202,158,4,4,3,2,2,2,1832149,1733081,1792629,-99068,-5.4,0.7778,0.8342,0.7822,0.75,0.9459,1
2024-08-01,2024,Q3,8,August,Aug 2024,2024-08,Z01,Abidjan-Plateau,Afrique de l'Ouest,5,185000,High,C03,Suivi de terrain,Monitoring,Quality,Visits,M01,A. Kouamé,Equipe Abidjan,Zone Manager,Senior,16,15,0,0,17,15,4,3,3,1,1,0,2781538,2385502,2482103,-396036,-14.2,0.9375,,0.8824,0.75,0.8576,0
2024-08-01,2024,Q3,8,August,Aug 2024,2024-08,Z01,Abidjan-Plateau,Afrique de l'Ouest,5,185000,High,C04,Appui ciblé,Support,Results,Cases,M01,A. Kouamé,Equipe Abidjan,Zone Manager,Senior,10,8,131,99,150,126,4,4,3,1,1,1,1571721,1345323,1374607,-226398,-14.4,0.8,0.7557,0.84,0.75,0.856,1
2024-08-01,2024,Q3,8,August,Aug 2024,2024-08,Z02,Dakar-Almadies,Afrique de l'Ouest,4,142000,Medium,C01,Mobilisation communautaire,Outreach,Engagement,Sessions,M02,S. Diallo,Equipe Dakar,Zone Manager,Senior,13,11,483,433,14,12,4,4,3,3,3,0,2610972,2305253,2340604,-305719,-11.7,0.8462,0.8965,0.8571,0.75,0.8829,0
2024-08-01,2024,Q3,8,August,Aug 2024,2024-08,Z02,Dakar-Almadies,Afrique de l'Ouest,4,142000,Medium,C02,Formation,Capacity Building,Skills,Participants,M02,S. Diallo,Equipe Dakar,Zone Manager,Senior,10,7,228,171,199,138,4,4,3,5,4,2,1808198,1356022,1397370,-452176,-25.0,0.7,0.75,0.6935,0.75,0.7499,1
2024-08-01,2024,Q3,8,August,Aug 2024,2024-08,Z02,Dakar-Almadies,Afrique de l'Ouest,4,142000,Medium,C03,Suivi de terrain,Monitoring,Quality,Visits,M02,S. Diallo,Equipe Dakar,Zone Manager,Senior,15,12,0,0,17,12,4,3,3,5,4,2,2821006,2185832,2269024,-635174,-22.5,0.8,,0.7059,0.75,0.7748,1
2024-08-01,2024,Q3,8,August,Aug 2024,2024-08,Z02,Dakar-Almadies,Afrique de l'Ouest,4,142000,Medium,C04,Appui ciblé,Support,Results,Cases,M02,S. Diallo,Equipe Dakar,Zone Manager,Senior,11,8,174,128,152,118,4,3,3,6,5,1,1725629,1400661,1445683,-324968,-18.8,0.7273,0.7356,0.7763,0.75,0.8117,1
2024-08-01,2024,Q3,8,August,Aug 2024,2024-08,Z03,Douala-Littoral,Afrique Centrale,6,167000,High,C01,Mobilisation communautaire,Outreach,Engagement,Sessions,M03,R. Mbarga,Equipe Douala,Zone Manager,Mid,11,10,503,431,13,11,4,4,3,2,2,0,2456975,2482131,2526898,25156,1.0,0.9091,0.8569,0.8462,0.75,1.0102,0
2024-08-01,2024,Q3,8,August,Aug 2024,2024-08,Z03,Douala-Littoral,Afrique Centrale,6,167000,High,C02,Formation,Capacity Building,Skills,Participants,M03,R. Mbarga,Equipe Douala,Zone Manager,Mid,8,7,203,168,200,182,4,4,4,1,1,0,1863621,1676731,1755282,-186890,-10.0,0.875,0.8276,0.91,1.0,0.8997,0
2024-08-01,2024,Q3,8,August,Aug 2024,2024-08,Z03,Douala-Littoral,Afrique Centrale,6,167000,High,C03,Suivi de terrain,Monitoring,Quality,Visits,M03,R. Mbarga,Equipe Douala,Zone Manager,Mid,16,14,0,0,17,15,4,3,3,1,1,2,2634779,2189179,2297004,-445600,-16.9,0.875,,0.8824,0.75,0.8309,1
2024-08-01,2024,Q3,8,August,Aug 2024,2024-08,Z03,Douala-Littoral,Afrique Centrale,6,167000,High,C04,Appui ciblé,Support,Results,Cases,M03,R. Mbarga,Equipe Douala,Zone Manager,Mid,12,9,163,135,152,120,4,3,3,4,4,2,1670416,1598738,1649417,-71678,-4.3,0.75,0.8282,0.7895,0.75,0.9571,1
2024-08-01,2024,Q3,8,August,Aug 2024,2024-08,Z04,Nairobi-Westlands,Afrique de l'Est,4,198000,High,C01,Mobilisation communautaire,Outreach,Engagement,Sessions,M04,J. Kamau,Equipe Nairobi,Zone Manager,Senior,13,10,468,342,12,9,4,3,3,3,3,1,2566953,2243949,2295325,-323004,-12.6,0.7692,0.7308,0.75,0.75,0.8742,1
2024-08-01,2024,Q3,8,August,Aug 2024,2024-08,Z04,Nairobi-Westlands,Afrique de l'Est,4,198000,High,C02,Formation,Capacity Building,Skills,Participants,M04,J. Kamau,Equipe Nairobi,Zone Manager,Senior,8,6,202,167,201,164,4,4,3,4,4,2,1730252,1531649,1582672,-198603,-11.5,0.75,0.8267,0.8159,0.75,0.8852,1
2024-08-01,2024,Q3,8,August,Aug 2024,2024-08,Z04,Nairobi-Westlands,Afrique de l'Est,4,198000,High,C03,Suivi de terrain,Monitoring,Quality,Visits,M04,J. Kamau,Equipe Nairobi,Zone Manager,Senior,15,12,0,0,15,12,4,4,4,7,6,1,2847116,2286378,2370257,-560738,-19.7,0.8,,0.8,1.0,0.8031,0
2024-08-01,2024,Q3,8,August,Aug 2024,2024-08,Z04,Nairobi-Westlands,Afrique de l'Est,4,198000,High,C04,Appui ciblé,Support,Results,Cases,M04,J. Kamau,Equipe Nairobi,Zone Manager,Senior,9,7,171,137,151,117,4,4,3,3,3,1,1609439,1322586,1364057,-286853,-17.8,0.7778,0.8012,0.7748,0.75,0.8218,1
2024-08-01,2024,Q3,8,August,Aug 2024,2024-08,Z05,Kinshasa-Gombe,Afrique Centrale,3,210000,Medium,C01,Mobilisation communautaire,Outreach,Engagement,Sessions,M05,P. Mukendi,Equipe Kinshasa,Zone Manager,Mid,13,7,501,278,13,6,4,4,2,5,3,3,2630025,1578015,1647277,-1052010,-40.0,0.5385,0.5549,0.4615,0.5,0.6,1
2024-08-01,2024,Q3,8,August,Aug 2024,2024-08,Z05,Kinshasa-Gombe,Afrique Centrale,3,210000,Medium,C02,Formation,Capacity Building,Skills,Participants,M05,P. Mukendi,Equipe Kinshasa,Zone Manager,Mid,10,6,206,134,202,122,4,3,3,5,4,4,1911892,1354343,1388520,-557549,-29.2,0.6,0.6505,0.604,0.75,0.7084,1
2024-08-01,2024,Q3,8,August,Aug 2024,2024-08,Z05,Kinshasa-Gombe,Afrique Centrale,3,210000,Medium,C03,Suivi de terrain,Monitoring,Quality,Visits,M05,P. Mukendi,Equipe Kinshasa,Zone Manager,Mid,16,9,0,0,17,10,4,2,2,5,3,2,2613910,1783424,1849072,-830486,-31.8,0.5625,,0.5882,0.5,0.6823,1
2024-08-01,2024,Q3,8,August,Aug 2024,2024-08,Z05,Kinshasa-Gombe,Afrique Centrale,3,210000,Medium,C04,Appui ciblé,Support,Results,Cases,M05,P. Mukendi,Equipe Kinshasa,Zone Manager,Mid,10,5,139,68,149,85,4,4,2,4,2,2,1552403,1773378,1860879,220975,14.2,0.5,0.4892,0.5705,0.5,1.1423,1
2024-08-01,2024,Q3,8,August,Aug 2024,2024-08,Z06,Casablanca-Anfa,Afrique du Nord,5,155000,Medium,C01,Mobilisation communautaire,Outreach,Engagement,Sessions,M06,H. Benchekroun,Equipe Casablanca,Zone Manager,Mid,13,10,472,326,12,9,4,4,3,5,4,2,2579146,2113857,2193388,-465289,-18.0,0.7692,0.6907,0.75,0.75,0.8196,1
2024-08-01,2024,Q3,8,August,Aug 2024,2024-08,Z06,Casablanca-Anfa,Afrique du Nord,5,155000,Medium,C02,Formation,Capacity Building,Skills,Participants,M06,H. Benchekroun,Equipe Casablanca,Zone Manager,Mid,10,9,195,174,200,172,4,4,3,2,2,0,1777369,1661389,1691560,-115980,-6.5,0.9,0.8923,0.86,0.75,0.9347,0
2024-08-01,2024,Q3,8,August,Aug 2024,2024-08,Z06,Casablanca-Anfa,Afrique du Nord,5,155000,Medium,C03,Suivi de terrain,Monitoring,Quality,Visits,M06,H. Benchekroun,Equipe Casablanca,Zone Manager,Mid,17,11,0,0,16,10,4,4,3,4,3,3,2741865,2543882,2579749,-197983,-7.2,0.6471,,0.625,0.75,0.9278,1
2024-08-01,2024,Q3,8,August,Aug 2024,2024-08,Z06,Casablanca-Anfa,Afrique du Nord,5,155000,Medium,C04,Appui ciblé,Support,Results,Cases,M06,H. Benchekroun,Equipe Casablanca,Zone Manager,Mid,11,8,132,87,152,120,4,3,3,7,6,2,1727550,1454919,1508782,-272631,-15.8,0.7273,0.6591,0.7895,0.75,0.8422,1
2024-09-01,2024,Q3,9,September,Sep 2024,2024-09,Z01,Abidjan-Plateau,Afrique de l'Ouest,5,185000,High,C01,Mobilisation communautaire,Outreach,Engagement,Sessions,M01,A. Kouamé,Equipe Abidjan,Zone Manager,Senior,13,12,499,490,11,11,4,4,4,2,2,0,2547294,2458850,2538642,-88444,-3.5,0.9231,0.982,1.0,1.0,0.9653,0
2024-09-01,2024,Q3,9,September,Sep 2024,2024-09,Z01,Abidjan-Plateau,Afrique de l'Ouest,5,185000,High,C02,Formation,Capacity Building,Skills,Participants,M01,A. Kouamé,Equipe Abidjan,Zone Manager,Senior,8,7,192,162,202,171,4,4,3,3,3,0,1762284,1455305,1499600,-306979,-17.4,0.875,0.8438,0.8465,0.75,0.8258,0
2024-09-01,2024,Q3,9,September,Sep 2024,2024-09,Z01,Abidjan-Plateau,Afrique de l'Ouest,5,185000,High,C03,Suivi de terrain,Monitoring,Quality,Visits,M01,A. Kouamé,Equipe Abidjan,Zone Manager,Senior,17,15,0,0,15,13,4,4,3,3,3,0,2808885,2569912,2663919,-238973,-8.5,0.8824,,0.8667,0.75,0.9149,0
2024-09-01,2024,Q3,9,September,Sep 2024,2024-09,Z01,Abidjan-Plateau,Afrique de l'Ouest,5,185000,High,C04,Appui ciblé,Support,Results,Cases,M01,A. Kouamé,Equipe Abidjan,Zone Manager,Senior,11,10,167,155,151,126,4,4,4,3,3,0,1742872,1486478,1524031,-256394,-14.7,0.9091,0.9281,0.8344,1.0,0.8529,0
2024-09-01,2024,Q3,9,September,Sep 2024,2024-09,Z02,Dakar-Almadies,Afrique de l'Ouest,4,142000,Medium,C01,Mobilisation communautaire,Outreach,Engagement,Sessions,M02,S. Diallo,Equipe Dakar,Zone Manager,Senior,11,9,483,376,13,10,4,4,2,3,3,1,2509200,2528493,2585400,19293,0.8,0.8182,0.7785,0.7692,0.5,1.0077,1
2024-09-01,2024,Q3,9,September,Sep 2024,2024-09,Z02,Dakar-Almadies,Afrique de l'Ouest,4,142000,Medium,C02,Formation,Capacity Building,Skills,Participants,M02,S. Diallo,Equipe Dakar,Zone Manager,Senior,8,7,226,180,199,159,4,4,3,1,1,1,1844736,1486876,1504945,-357860,-19.4,0.875,0.7965,0.799,0.75,0.806,1
2024-09-01,2024,Q3,9,September,Sep 2024,2024-09,Z02,Dakar-Almadies,Afrique de l'Ouest,4,142000,Medium,C03,Suivi de terrain,Monitoring,Quality,Visits,M02,S. Diallo,Equipe Dakar,Zone Manager,Senior,14,14,0,0,15,15,4,4,4,2,2,0,2794948,2373739,2471625,-421209,-15.1,1.0,,1.0,1.0,0.8493,0
2024-09-01,2024,Q3,9,September,Sep 2024,2024-09,Z02,Dakar-Almadies,Afrique de l'Ouest,4,142000,Medium,C04,Appui ciblé,Support,Results,Cases,M02,S. Diallo,Equipe Dakar,Zone Manager,Senior,12,10,177,139,149,122,4,4,3,3,3,2,1728096,1613224,1657947,-114872,-6.6,0.8333,0.7853,0.8188,0.75,0.9335,1
2024-09-01,2024,Q3,9,September,Sep 2024,2024-09,Z03,Douala-Littoral,Afrique Centrale,6,167000,High,C01,Mobilisation communautaire,Outreach,Engagement,Sessions,M03,R. Mbarga,Equipe Douala,Zone Manager,Mid,12,11,489,427,13,11,4,4,3,3,3,0,2459126,2458100,2546359,-1026,-0.0,0.9167,0.8732,0.8462,0.75,0.9996,0
2024-09-01,2024,Q3,9,September,Sep 2024,2024-09,Z03,Douala-Littoral,Afrique Centrale,6,167000,High,C02,Formation,Capacity Building,Skills,Participants,M03,R. Mbarga,Equipe Douala,Zone Manager,Mid,9,7,215,174,201,164,4,4,4,5,4,1,1897946,1652222,1707630,-245724,-12.9,0.7778,0.8093,0.8159,1.0,0.8705,1
2024-09-01,2024,Q3,9,September,Sep 2024,2024-09,Z03,Douala-Littoral,Afrique Centrale,6,167000,High,C03,Suivi de terrain,Monitoring,Quality,Visits,M03,R. Mbarga,Equipe Douala,Zone Manager,Mid,17,15,0,0,16,13,4,4,3,2,2,0,2793580,2339156,2452773,-454424,-16.3,0.8824,,0.8125,0.75,0.8373,0
2024-09-01,2024,Q3,9,September,Sep 2024,2024-09,Z03,Douala-Littoral,Afrique Centrale,6,167000,High,C04,Appui ciblé,Support,Results,Cases,M03,R. Mbarga,Equipe Douala,Zone Manager,Mid,12,12,155,155,151,151,4,4,4,1,1,0,1577116,1351917,1389707,-225199,-14.3,1.0,1.0,1.0,1.0,0.8572,0
2024-09-01,2024,Q3,9,September,Sep 2024,2024-09,Z04,Nairobi-Westlands,Afrique de l'Est,4,198000,High,C01,Mobilisation communautaire,Outreach,Engagement,Sessions,M04,J. Kamau,Equipe Nairobi,Zone Manager,Senior,13,11,488,459,13,11,4,4,3,3,3,0,2578954,2623351,2726719,44397,1.7,0.8462,0.9406,0.8462,0.75,1.0172,0
2024-09-01,2024,Q3,9,September,Sep 2024,2024-09,Z04,Nairobi-Westlands,Afrique de l'Est,4,198000,High,C02,Formation,Capacity Building,Skills,Participants,M04,J. Kamau,Equipe Nairobi,Zone Manager,Senior,8,7,195,165,199,169,4,4,3,1,1,0,1731287,1643578,1684812,-87709,-5.1,0.875,0.8462,0.8492,0.75,0.9493,0
2024-09-01,2024,Q3,9,September,Sep 2024,2024-09,Z04,Nairobi-Westlands,Afrique de l'Est,4,198000,High,C03,Suivi de terrain,Monitoring,Quality,Visits,M04,J. Kamau,Equipe Nairobi,Zone Manager,Senior,17,16,0,0,14,13,4,4,4,2,2,0,2712330,2363660,2402512,-348670,-12.9,0.9412,,0.9286,1.0,0.8715,0
2024-09-01,2024,Q3,9,September,Sep 2024,2024-09,Z04,Nairobi-Westlands,Afrique de l'Est,4,198000,High,C04,Appui ciblé,Support,Results,Cases,M04,J. Kamau,Equipe Nairobi,Zone Manager,Senior,12,10,160,118,150,124,4,4,3,3,3,1,1721777,1594743,1626958,-127034,-7.4,0.8333,0.7375,0.8267,0.75,0.9262,1
2024-09-01,2024,Q3,9,September,Sep 2024,2024-09,Z05,Kinshasa-Gombe,Afrique Centrale,3,210000,Medium,C01,Mobilisation communautaire,Outreach,Engagement,Sessions,M05,P. Mukendi,Equipe Kinshasa,Zone Manager,Mid,12,8,494,340,11,8,4,3,3,3,2,2,2486655,1491993,1509297,-994662,-40.0,0.6667,0.6883,0.7273,0.75,0.6,1
2024-09-01,2024,Q3,9,September,Sep 2024,2024-09,Z05,Kinshasa-Gombe,Afrique Centrale,3,210000,Medium,C02,Formation,Capacity Building,Skills,Participants,M05,P. Mukendi,Equipe Kinshasa,Zone Manager,Mid,9,6,182,120,199,134,4,3,3,5,4,3,1943434,1379190,1410781,-564244,-29.0,0.6667,0.6593,0.6734,0.75,0.7097,1
2024-09-01,2024,Q3,9,September,Sep 2024,2024-09,Z05,Kinshasa-Gombe,Afrique Centrale,3,210000,Medium,C03,Suivi de terrain,Monitoring,Quality,Visits,M05,P. Mukendi,Equipe Kinshasa,Zone Manager,Mid,17,13,0,0,15,12,4,3,3,3,3,2,2613331,1809610,1888736,-803721,-30.8,0.7647,,0.8,0.75,0.6925,1
2024-09-01,2024,Q3,9,September,Sep 2024,2024-09,Z05,Kinshasa-Gombe,Afrique Centrale,3,210000,Medium,C04,Appui ciblé,Support,Results,Cases,M05,P. Mukendi,Equipe Kinshasa,Zone Manager,Mid,11,7,175,112,150,94,4,3,2,7,5,4,1578945,1690969,1732099,112024,7.1,0.6364,0.64,0.6267,0.5,1.0709,1
2024-09-01,2024,Q3,9,September,Sep 2024,2024-09,Z06,Casablanca-Anfa,Afrique du Nord,5,155000,Medium,C01,Mobilisation communautaire,Outreach,Engagement,Sessions,M06,H. Benchekroun,Equipe Casablanca,Zone Manager,Mid,14,12,487,386,13,11,4,4,4,1,1,2,2605529,2148630,2230938,-456899,-17.5,0.8571,0.7926,0.8462,1.0,0.8246,1
2024-09-01,2024,Q3,9,September,Sep 2024,2024-09,Z06,Casablanca-Anfa,Afrique du Nord,5,155000,Medium,C02,Formation,Capacity Building,Skills,Participants,M06,H. Benchekroun,Equipe Casablanca,Zone Manager,Mid,9,7,204,171,200,155,4,4,3,2,2,1,1837729,1520125,1539472,-317604,-17.3,0.7778,0.8382,0.775,0.75,0.8272,1
2024-09-01,2024,Q3,9,September,Sep 2024,2024-09,Z06,Casablanca-Anfa,Afrique du Nord,5,155000,Medium,C03,Suivi de terrain,Monitoring,Quality,Visits,M06,H. Benchekroun,Equipe Casablanca,Zone Manager,Mid,15,12,0,0,14,11,4,4,3,2,2,2,2732419,2343237,2381607,-389182,-14.2,0.8,,0.7857,0.75,0.8576,1
2024-09-01,2024,Q3,9,September,Sep 2024,2024-09,Z06,Casablanca-Anfa,Afrique du Nord,5,155000,Medium,C04,Appui ciblé,Support,Results,Cases,M06,H. Benchekroun,Equipe Casablanca,Zone Manager,Mid,11,9,153,112,150,120,4,4,3,6,5,2,1642365,1304626,1329215,-337739,-20.6,0.8182,0.732,0.8,0.75,0.7944,1
2024-10-01,2024,Q4,10,October,Oct 2024,2024-10,Z01,Abidjan-Plateau,Afrique de l'Ouest,5,185000,High,C01,Mobilisation communautaire,Outreach,Engagement,Sessions,M01,A. Kouamé,Equipe Abidjan,Zone Manager,Senior,14,13,508,472,12,11,4,3,3,3,3,0,2455929,2195411,2275617,-260518,-10.6,0.9286,0.9291,0.9167,0.75,0.8939,0
2024-10-01,2024,Q4,10,October,Oct 2024,2024-10,Z01,Abidjan-Plateau,Afrique de l'Ouest,5,185000,High,C02,Formation,Capacity Building,Skills,Participants,M01,A. Kouamé,Equipe Abidjan,Zone Manager,Senior,7,6,216,195,199,184,4,4,4,3,3,0,1786787,1559839,1622398,-226948,-12.7,0.8571,0.9028,0.9246,1.0,0.873,0
2024-10-01,2024,Q4,10,October,Oct 2024,2024-10,Z01,Abidjan-Plateau,Afrique de l'Ouest,5,185000,High,C03,Suivi de terrain,Monitoring,Quality,Visits,M01,A. Kouamé,Equipe Abidjan,Zone Manager,Senior,17,16,0,0,14,13,4,4,3,1,1,0,2739067,2553697,2627740,-185370,-6.8,0.9412,,0.9286,0.75,0.9323,0
2024-10-01,2024,Q4,10,October,Oct 2024,2024-10,Z01,Abidjan-Plateau,Afrique de l'Ouest,5,185000,High,C04,Appui ciblé,Support,Results,Cases,M01,A. Kouamé,Equipe Abidjan,Zone Manager,Senior,9,9,159,153,150,143,4,3,3,3,3,0,1647150,1606819,1623453,-40331,-2.4,1.0,0.9623,0.9533,0.75,0.9755,0
2024-10-01,2024,Q4,10,October,Oct 2024,2024-10,Z02,Dakar-Almadies,Afrique de l'Ouest,4,142000,Medium,C01,Mobilisation communautaire,Outreach,Engagement,Sessions,M02,S. Diallo,Equipe Dakar,Zone Manager,Senior,11,9,485,404,13,11,4,3,3,1,1,2,2575358,1799467,1842367,-775891,-30.1,0.8182,0.833,0.8462,0.75,0.6987,1
2024-10-01,2024,Q4,10,October,Oct 2024,2024-10,Z02,Dakar-Almadies,Afrique de l'Ouest,4,142000,Medium,C02,Formation,Capacity Building,Skills,Participants,M02,S. Diallo,Equipe Dakar,Zone Manager,Senior,7,6,184,166,202,188,4,4,4,3,3,0,1763005,1618962,1675375,-144043,-8.2,0.8571,0.9022,0.9307,1.0,0.9183,0
2024-10-01,2024,Q4,10,October,Oct 2024,2024-10,Z02,Dakar-Almadies,Afrique de l'Ouest,4,142000,Medium,C03,Suivi de terrain,Monitoring,Quality,Visits,M02,S. Diallo,Equipe Dakar,Zone Manager,Senior,17,16,0,0,16,16,4,4,4,2,2,0,2610453,2096896,2175115,-513557,-19.7,0.9412,,1.0,1.0,0.8033,0
2024-10-01,2024,Q4,10,October,Oct 2024,2024-10,Z02,Dakar-Almadies,Afrique de l'Ouest,4,142000,Medium,C04,Appui ciblé,Support,Results,Cases,M02,S. Diallo,Equipe Dakar,Zone Manager,Senior,10,10,171,171,151,151,4,4,4,3,3,0,1584131,1221934,1239695,-362197,-22.9,1.0,1.0,1.0,1.0,0.7714,0
2024-10-01,2024,Q4,10,October,Oct 2024,2024-10,Z03,Douala-Littoral,Afrique Centrale,6,167000,High,C01,Mobilisation communautaire,Outreach,Engagement,Sessions,M03,R. Mbarga,Equipe Douala,Zone Manager,Mid,11,11,508,508,11,11,4,4,4,3,3,0,2467263,2448963,2526373,-18300,-0.7,1.0,1.0,1.0,1.0,0.9926,0
2024-10-01,2024,Q4,10,October,Oct 2024,2024-10,Z03,Douala-Littoral,Afrique Centrale,6,167000,High,C02,Formation,Capacity Building,Skills,Participants,M03,R. Mbarga,Equipe Douala,Zone Manager,Mid,10,9,202,196,200,186,4,3,3,1,1,0,1774141,1759064,1830869,-15077,-0.8,0.9,0.9703,0.93,0.75,0.9915,0
2024-10-01,2024,Q4,10,October,Oct 2024,2024-10,Z03,Douala-Littoral,Afrique Centrale,6,167000,High,C03,Suivi de terrain,Monitoring,Quality,Visits,M03,R. Mbarga,Equipe Douala,Zone Manager,Mid,14,14,0,0,15,15,4,3,3,2,2,0,2734823,2546638,2653884,-188185,-6.9,1.0,,1.0,0.75,0.9312,0
2024-10-01,2024,Q4,10,October,Oct 2024,2024-10,Z03,Douala-Littoral,Afrique Centrale,6,167000,High,C04,Appui ciblé,Support,Results,Cases,M03,R. Mbarga,Equipe Douala,Zone Manager,Mid,9,8,145,125,149,132,4,4,4,1,1,0,1616800,1406388,1457104,-210412,-13.0,0.8889,0.8621,0.8859,1.0,0.8699,0
2024-10-01,2024,Q4,10,October,Oct 2024,2024-10,Z04,Nairobi-Westlands,Afrique de l'Est,4,198000,High,C01,Mobilisation communautaire,Outreach,Engagement,Sessions,M04,J. Kamau,Equipe Nairobi,Zone Manager,Senior,12,12,506,506,13,12,4,4,4,1,1,0,2483968,2196242,2263350,-287726,-11.6,1.0,1.0,0.9231,1.0,0.8842,0
2024-10-01,2024,Q4,10,October,Oct 2024,2024-10,Z04,Nairobi-Westlands,Afrique de l'Est,4,198000,High,C02,Formation,Capacity Building,Skills,Participants,M04,J. Kamau,Equipe Nairobi,Zone Manager,Senior,8,7,206,195,201,184,4,4,4,3,3,0,1948568,1971788,2052499,23220,1.2,0.875,0.9466,0.9154,1.0,1.0119,0
2024-10-01,2024,Q4,10,October,Oct 2024,2024-10,Z04,Nairobi-Westlands,Afrique de l'Est,4,198000,High,C03,Suivi de terrain,Monitoring,Quality,Visits,M04,J. Kamau,Equipe Nairobi,Zone Manager,Senior,14,13,0,0,16,15,4,4,3,3,3,0,2739776,2659813,2687191,-79963,-2.9,0.9286,,0.9375,0.75,0.9708,0
2024-10-01,2024,Q4,10,October,Oct 2024,2024-10,Z04,Nairobi-Westlands,Afrique de l'Est,4,198000,High,C04,Appui ciblé,Support,Results,Cases,M04,J. Kamau,Equipe Nairobi,Zone Manager,Senior,12,11,141,130,152,138,4,4,4,2,2,0,1517163,1366395,1391710,-150768,-9.9,0.9167,0.922,0.9079,1.0,0.9006,0
2024-10-01,2024,Q4,10,October,Oct 2024,2024-10,Z05,Kinshasa-Gombe,Afrique Centrale,3,210000,Medium,C01,Mobilisation communautaire,Outreach,Engagement,Sessions,M05,P. Mukendi,Equipe Kinshasa,Zone Manager,Mid,14,11,495,367,12,9,4,4,3,3,3,2,2579674,1965708,2018720,-613966,-23.8,0.7857,0.7414,0.75,0.75,0.762,1
2024-10-01,2024,Q4,10,October,Oct 2024,2024-10,Z05,Kinshasa-Gombe,Afrique Centrale,3,210000,Medium,C02,Formation,Capacity Building,Skills,Participants,M05,P. Mukendi,Equipe Kinshasa,Zone Manager,Mid,8,6,183,131,201,139,4,2,2,3,2,1,1727243,1228161,1283607,-499082,-28.9,0.75,0.7158,0.6915,0.5,0.7111,1
2024-10-01,2024,Q4,10,October,Oct 2024,2024-10,Z05,Kinshasa-Gombe,Afrique Centrale,3,210000,Medium,C03,Suivi de terrain,Monitoring,Quality,Visits,M05,P. Mukendi,Equipe Kinshasa,Zone Manager,Mid,15,11,0,0,17,13,4,3,3,3,3,1,2794347,2202940,2293279,-591407,-21.2,0.7333,,0.7647,0.75,0.7884,1
2024-10-01,2024,Q4,10,October,Oct 2024,2024-10,Z05,Kinshasa-Gombe,Afrique Centrale,3,210000,Medium,C04,Appui ciblé,Support,Results,Cases,M05,P. Mukendi,Equipe Kinshasa,Zone Manager,Mid,9,6,177,116,152,115,4,3,3,6,5,1,1669492,1868827,1938799,199335,11.9,0.6667,0.6554,0.7566,0.75,1.1194,1
2024-10-01,2024,Q4,10,October,Oct 2024,2024-10,Z06,Casablanca-Anfa,Afrique du Nord,5,155000,Medium,C01,Mobilisation communautaire,Outreach,Engagement,Sessions,M06,H. Benchekroun,Equipe Casablanca,Zone Manager,Mid,14,11,489,371,13,10,4,4,3,6,5,1,2406226,1847714,1872660,-558512,-23.2,0.7857,0.7587,0.7692,0.75,0.7679,1
2024-10-01,2024,Q4,10,October,Oct 2024,2024-10,Z06,Casablanca-Anfa,Afrique du Nord,5,155000,Medium,C02,Formation,Capacity Building,Skills,Participants,M06,H. Benchekroun,Equipe Casablanca,Zone Manager,Mid,9,8,193,158,201,179,4,4,4,3,3,0,1714226,1429065,1453530,-285161,-16.6,0.8889,0.8187,0.8905,1.0,0.8337,0
2024-10-01,2024,Q4,10,October,Oct 2024,2024-10,Z06,Casablanca-Anfa,Afrique du Nord,5,155000,Medium,C03,Suivi de terrain,Monitoring,Quality,Visits,M06,H. Benchekroun,Equipe Casablanca,Zone Manager,Mid,17,15,0,0,16,15,4,4,4,3,3,0,2666036,1990682,2028716,-675354,-25.3,0.8824,,0.9375,1.0,0.7467,0
2024-10-01,2024,Q4,10,October,Oct 2024,2024-10,Z06,Casablanca-Anfa,Afrique du Nord,5,155000,Medium,C04,Appui ciblé,Support,Results,Cases,M06,H. Benchekroun,Equipe Casablanca,Zone Manager,Mid,11,10,146,124,152,145,4,4,3,2,2,0,1567803,1241681,1274344,-326122,-20.8,0.9091,0.8493,0.9539,0.75,0.792,0
2024-11-01,2024,Q4,11,November,Nov 2024,2024-11,Z01,Abidjan-Plateau,Afrique de l'Ouest,5,185000,High,C01,Mobilisation communautaire,Outreach,Engagement,Sessions,M01,A. Kouamé,Equipe Abidjan,Zone Manager,Senior,12,12,468,468,14,14,4,3,3,3,3,0,2518259,2156406,2179427,-361853,-14.4,1.0,1.0,1.0,0.75,0.8563,0
2024-11-01,2024,Q4,11,November,Nov 2024,2024-11,Z01,Abidjan-Plateau,Afrique de l'Ouest,5,185000,High,C02,Formation,Capacity Building,Skills,Participants,M01,A. Kouamé,Equipe Abidjan,Zone Manager,Senior,7,7,228,228,199,186,4,4,4,1,1,0,1876501,1601304,1624895,-275197,-14.7,1.0,1.0,0.9347,1.0,0.8533,0
2024-11-01,2024,Q4,11,November,Nov 2024,2024-11,Z01,Abidjan-Plateau,Afrique de l'Ouest,5,185000,High,C03,Suivi de terrain,Monitoring,Quality,Visits,M01,A. Kouamé,Equipe Abidjan,Zone Manager,Senior,17,16,0,0,16,16,4,4,4,3,3,0,2601546,2204789,2293506,-396757,-15.3,0.9412,,1.0,1.0,0.8475,0
2024-11-01,2024,Q4,11,November,Nov 2024,2024-11,Z01,Abidjan-Plateau,Afrique de l'Ouest,5,185000,High,C04,Appui ciblé,Support,Results,Cases,M01,A. Kouamé,Equipe Abidjan,Zone Manager,Senior,12,11,130,120,149,133,4,4,4,1,1,0,1653513,1381279,1397607,-272234,-16.5,0.9167,0.9231,0.8926,1.0,0.8354,0
2024-11-01,2024,Q4,11,November,Nov 2024,2024-11,Z02,Dakar-Almadies,Afrique de l'Ouest,4,142000,Medium,C01,Mobilisation communautaire,Outreach,Engagement,Sessions,M02,S. Diallo,Equipe Dakar,Zone Manager,Senior,14,11,471,375,11,9,4,4,3,4,4,2,2622363,2553088,2589458,-69275,-2.6,0.7857,0.7962,0.8182,0.75,0.9736,1
2024-11-01,2024,Q4,11,November,Nov 2024,2024-11,Z02,Dakar-Almadies,Afrique de l'Ouest,4,142000,Medium,C02,Formation,Capacity Building,Skills,Participants,M02,S. Diallo,Equipe Dakar,Zone Manager,Senior,10,9,185,158,201,188,4,4,3,3,3,0,1906278,1735912,1800896,-170366,-8.9,0.9,0.8541,0.9353,0.75,0.9106,0
2024-11-01,2024,Q4,11,November,Nov 2024,2024-11,Z02,Dakar-Almadies,Afrique de l'Ouest,4,142000,Medium,C03,Suivi de terrain,Monitoring,Quality,Visits,M02,S. Diallo,Equipe Dakar,Zone Manager,Senior,14,12,0,0,14,13,4,4,4,1,1,0,2759007,2586380,2657524,-172627,-6.3,0.8571,,0.9286,1.0,0.9374,0
2024-11-01,2024,Q4,11,November,Nov 2024,2024-11,Z02,Dakar-Almadies,Afrique de l'Ouest,4,142000,Medium,C04,Appui ciblé,Support,Results,Cases,M02,S. Diallo,Equipe Dakar,Zone Manager,Senior,9,7,161,123,152,122,4,3,3,3,3,1,1603576,1447755,1509842,-155821,-9.7,0.7778,0.764,0.8026,0.75,0.9028,1
2024-11-01,2024,Q4,11,November,Nov 2024,2024-11,Z03,Douala-Littoral,Afrique Centrale,6,167000,High,C01,Mobilisation communautaire,Outreach,Engagement,Sessions,M03,R. Mbarga,Equipe Douala,Zone Manager,Mid,14,13,477,477,11,11,4,4,4,3,3,0,2408079,2039393,2070912,-368686,-15.3,0.9286,1.0,1.0,1.0,0.8469,0
2024-11-01,2024,Q4,11,November,Nov 2024,2024-11,Z03,Douala-Littoral,Afrique Centrale,6,167000,High,C02,Formation,Capacity Building,Skills,Participants,M03,R. Mbarga,Equipe Douala,Zone Manager,Mid,9,8,181,168,200,176,4,4,3,1,1,0,1802496,1680027,1750371,-122469,-6.8,0.8889,0.9282,0.88,0.75,0.9321,0
2024-11-01,2024,Q4,11,November,Nov 2024,2024-11,Z03,Douala-Littoral,Afrique Centrale,6,167000,High,C03,Suivi de terrain,Monitoring,Quality,Visits,M03,R. Mbarga,Equipe Douala,Zone Manager,Mid,17,16,0,0,16,14,4,3,3,3,3,0,2822682,2184550,2218985,-638132,-22.6,0.9412,,0.875,0.75,0.7739,0
2024-11-01,2024,Q4,11,November,Nov 2024,2024-11,Z03,Douala-Littoral,Afrique Centrale,6,167000,High,C04,Appui ciblé,Support,Results,Cases,M03,R. Mbarga,Equipe Douala,Zone Manager,Mid,9,9,157,141,150,145,4,4,4,2,2,0,1677547,1470940,1537837,-206607,-12.3,1.0,0.8981,0.9667,1.0,0.8768,0
2024-11-01,2024,Q4,11,November,Nov 2024,2024-11,Z04,Nairobi-Westlands,Afrique de l'Est,4,198000,High,C01,Mobilisation communautaire,Outreach,Engagement,Sessions,M04,J. Kamau,Equipe Nairobi,Zone Manager,Senior,14,13,491,468,12,11,4,4,4,1,1,0,2608408,2447216,2565406,-161192,-6.2,0.9286,0.9532,0.9167,1.0,0.9382,0
2024-11-01,2024,Q4,11,November,Nov 2024,2024-11,Z04,Nairobi-Westlands,Afrique de l'Est,4,198000,High,C02,Formation,Capacity Building,Skills,Participants,M04,J. Kamau,Equipe Nairobi,Zone Manager,Senior,7,6,229,185,201,180,4,3,3,2,2,0,1702922,1389148,1433797,-313774,-18.4,0.8571,0.8079,0.8955,0.75,0.8157,0
2024-11-01,2024,Q4,11,November,Nov 2024,2024-11,Z04,Nairobi-Westlands,Afrique de l'Est,4,198000,High,C03,Suivi de terrain,Monitoring,Quality,Visits,M04,J. Kamau,Equipe Nairobi,Zone Manager,Senior,15,14,0,0,17,16,4,3,3,2,2,0,2745508,2446401,2526909,-299107,-10.9,0.9333,,0.9412,0.75,0.8911,0
2024-11-01,2024,Q4,11,November,Nov 2024,2024-11,Z04,Nairobi-Westlands,Afrique de l'Est,4,198000,High,C04,Appui ciblé,Support,Results,Cases,M04,J. Kamau,Equipe Nairobi,Zone Manager,Senior,9,7,138,118,149,126,4,4,4,1,1,1,1603306,1432717,1477828,-170589,-10.6,0.7778,0.8551,0.8456,1.0,0.8936,1
2024-11-01,2024,Q4,11,November,Nov 2024,2024-11,Z05,Kinshasa-Gombe,Afrique Centrale,3,210000,Medium,C01,Mobilisation communautaire,Outreach,Engagement,Sessions,M05,P. Mukendi,Equipe Kinshasa,Zone Manager,Mid,13,10,484,381,11,8,4,3,3,7,6,1,2648244,1894682,1969820,-753562,-28.5,0.7692,0.7872,0.7273,0.75,0.7154,1
2024-11-01,2024,Q4,11,November,Nov 2024,2024-11,Z05,Kinshasa-Gombe,Afrique Centrale,3,210000,Medium,C02,Formation,Capacity Building,Skills,Participants,M05,P. Mukendi,Equipe Kinshasa,Zone Manager,Mid,10,7,190,125,200,134,4,3,3,3,2,2,1890300,1325105,1356582,-565195,-29.9,0.7,0.6579,0.67,0.75,0.701,1
2024-11-01,2024,Q4,11,November,Nov 2024,2024-11,Z05,Kinshasa-Gombe,Afrique Centrale,3,210000,Medium,C03,Suivi de terrain,Monitoring,Quality,Visits,M05,P. Mukendi,Equipe Kinshasa,Zone Manager,Mid,17,11,0,0,14,8,4,4,3,7,5,4,2708174,2104714,2137754,-603460,-22.3,0.6471,,0.5714,0.75,0.7772,1
2024-11-01,2024,Q4,11,November,Nov 2024,2024-11,Z05,Kinshasa-Gombe,Afrique Centrale,3,210000,Medium,C04,Appui ciblé,Support,Results,Cases,M05,P. Mukendi,Equipe Kinshasa,Zone Manager,Mid,11,6,130,76,152,81,4,3,3,6,4,3,1548232,1796553,1828483,248321,16.0,0.5455,0.5846,0.5329,0.75,1.1604,1
2024-11-01,2024,Q4,11,November,Nov 2024,2024-11,Z06,Casablanca-Anfa,Afrique du Nord,5,155000,Medium,C01,Mobilisation communautaire,Outreach,Engagement,Sessions,M06,H. Benchekroun,Equipe Casablanca,Zone Manager,Mid,12,9,479,383,13,9,4,4,3,5,4,1,2447541,2280958,2364986,-166583,-6.8,0.75,0.7996,0.6923,0.75,0.9319,1
2024-11-01,2024,Q4,11,November,Nov 2024,2024-11,Z06,Casablanca-Anfa,Afrique du Nord,5,155000,Medium,C02,Formation,Capacity Building,Skills,Participants,M06,H. Benchekroun,Equipe Casablanca,Zone Manager,Mid,9,9,227,214,202,202,4,4,4,2,2,0,1848712,1645720,1723554,-202992,-11.0,1.0,0.9427,1.0,1.0,0.8902,0
2024-11-01,2024,Q4,11,November,Nov 2024,2024-11,Z06,Casablanca-Anfa,Afrique du Nord,5,155000,Medium,C03,Suivi de terrain,Monitoring,Quality,Visits,M06,H. Benchekroun,Equipe Casablanca,Zone Manager,Mid,16,13,0,0,14,12,4,4,3,3,3,1,2743878,1992604,2049295,-751274,-27.4,0.8125,,0.8571,0.75,0.7262,0
2024-11-01,2024,Q4,11,November,Nov 2024,2024-11,Z06,Casablanca-Anfa,Afrique du Nord,5,155000,Medium,C04,Appui ciblé,Support,Results,Cases,M06,H. Benchekroun,Equipe Casablanca,Zone Manager,Mid,10,9,158,139,151,137,4,4,3,3,3,0,1644091,1480107,1509750,-163984,-10.0,0.9,0.8797,0.9073,0.75,0.9003,0
2024-12-01,2024,Q4,12,December,Dec 2024,2024-12,Z01,Abidjan-Plateau,Afrique de l'Ouest,5,185000,High,C01,Mobilisation communautaire,Outreach,Engagement,Sessions,M01,A. Kouamé,Equipe Abidjan,Zone Manager,Senior,12,8,476,329,12,8,4,2,2,6,5,4,2451751,2303964,2393873,-147787,-6.0,0.6667,0.6912,0.6667,0.5,0.9397,1
2024-12-01,2024,Q4,12,December,Dec 2024,2024-12,Z01,Abidjan-Plateau,Afrique de l'Ouest,5,185000,High,C02,Formation,Capacity Building,Skills,Participants,M01,A. Kouamé,Equipe Abidjan,Zone Manager,Senior,10,7,214,154,199,144,4,2,2,3,2,1,1827714,1743287,1807530,-84427,-4.6,0.7,0.7196,0.7236,0.5,0.9538,1
2024-12-01,2024,Q4,12,December,Dec 2024,2024-12,Z01,Abidjan-Plateau,Afrique de l'Ouest,5,185000,High,C03,Suivi de terrain,Monitoring,Quality,Visits,M01,A. Kouamé,Equipe Abidjan,Zone Manager,Senior,14,10,0,0,17,13,4,4,3,3,3,1,2661481,2350329,2383238,-311152,-11.7,0.7143,,0.7647,0.75,0.8831,1
2024-12-01,2024,Q4,12,December,Dec 2024,2024-12,Z01,Abidjan-Plateau,Afrique de l'Ouest,5,185000,High,C04,Appui ciblé,Support,Results,Cases,M01,A. Kouamé,Equipe Abidjan,Zone Manager,Senior,10,8,158,128,151,111,4,4,4,5,4,1,1662402,1555384,1601166,-107018,-6.4,0.8,0.8101,0.7351,1.0,0.9356,0
2024-12-01,2024,Q4,12,December,Dec 2024,2024-12,Z02,Dakar-Almadies,Afrique de l'Ouest,4,142000,Medium,C01,Mobilisation communautaire,Outreach,Engagement,Sessions,M02,S. Diallo,Equipe Dakar,Zone Manager,Senior,11,7,467,319,12,8,4,3,3,7,5,3,2486073,2154708,2229377,-331365,-13.3,0.6364,0.6831,0.6667,0.75,0.8667,1
2024-12-01,2024,Q4,12,December,Dec 2024,2024-12,Z02,Dakar-Almadies,Afrique de l'Ouest,4,142000,Medium,C02,Formation,Capacity Building,Skills,Participants,M02,S. Diallo,Equipe Dakar,Zone Manager,Senior,10,7,200,145,199,136,4,2,2,3,2,2,1780130,1491746,1540488,-288384,-16.2,0.7,0.725,0.6834,0.5,0.838,1
2024-12-01,2024,Q4,12,December,Dec 2024,2024-12,Z02,Dakar-Almadies,Afrique de l'Ouest,4,142000,Medium,C03,Suivi de terrain,Monitoring,Quality,Visits,M02,S. Diallo,Equipe Dakar,Zone Manager,Senior,15,10,0,0,15,9,4,3,3,7,5,3,2811733,2299018,2351098,-512715,-18.2,0.6667,,0.6,0.75,0.8177,1
2024-12-01,2024,Q4,12,December,Dec 2024,2024-12,Z02,Dakar-Almadies,Afrique de l'Ouest,4,142000,Medium,C04,Appui ciblé,Support,Results,Cases,M02,S. Diallo,Equipe Dakar,Zone Manager,Senior,12,9,170,127,150,117,4,4,3,3,3,1,1612278,1411462,1469934,-200816,-12.5,0.75,0.7471,0.78,0.75,0.8754,1
2024-12-01,2024,Q4,12,December,Dec 2024,2024-12,Z03,Douala-Littoral,Afrique Centrale,6,167000,High,C01,Mobilisation communautaire,Outreach,Engagement,Sessions,M03,R. Mbarga,Equipe Douala,Zone Manager,Mid,11,8,505,376,12,9,4,2,2,7,6,1,2586698,2497102,2595969,-89596,-3.5,0.7273,0.7446,0.75,0.5,0.9654,1
2024-12-01,2024,Q4,12,December,Dec 2024,2024-12,Z03,Douala-Littoral,Afrique Centrale,6,167000,High,C02,Formation,Capacity Building,Skills,Participants,M03,R. Mbarga,Equipe Douala,Zone Manager,Mid,9,7,200,148,200,154,4,4,3,7,6,2,1814327,1652036,1713464,-162291,-8.9,0.7778,0.74,0.77,0.75,0.9106,1
2024-12-01,2024,Q4,12,December,Dec 2024,2024-12,Z03,Douala-Littoral,Afrique Centrale,6,167000,High,C03,Suivi de terrain,Monitoring,Quality,Visits,M03,R. Mbarga,Equipe Douala,Zone Manager,Mid,14,10,0,0,16,11,4,3,3,5,4,1,2686917,2622003,2740296,-64914,-2.4,0.7143,,0.6875,0.75,0.9758,1
2024-12-01,2024,Q4,12,December,Dec 2024,2024-12,Z03,Douala-Littoral,Afrique Centrale,6,167000,High,C04,Appui ciblé,Support,Results,Cases,M03,R. Mbarga,Equipe Douala,Zone Manager,Mid,10,8,149,107,149,117,4,4,3,6,5,1,1621332,1333462,1372771,-287870,-17.8,0.8,0.7181,0.7852,0.75,0.8224,1
2024-12-01,2024,Q4,12,December,Dec 2024,2024-12,Z04,Nairobi-Westlands,Afrique de l'Est,4,198000,High,C01,Mobilisation communautaire,Outreach,Engagement,Sessions,M04,J. Kamau,Equipe Nairobi,Zone Manager,Senior,14,10,500,337,12,8,4,3,3,4,3,3,2428529,2221796,2259635,-206733,-8.5,0.7143,0.674,0.6667,0.75,0.9149,1
2024-12-01,2024,Q4,12,December,Dec 2024,2024-12,Z04,Nairobi-Westlands,Afrique de l'Est,4,198000,High,C02,Formation,Capacity Building,Skills,Participants,M04,J. Kamau,Equipe Nairobi,Zone Manager,Senior,9,7,180,131,202,168,4,4,4,6,5,2,1859023,1714724,1788556,-144299,-7.8,0.7778,0.7278,0.8317,1.0,0.9224,1
2024-12-01,2024,Q4,12,December,Dec 2024,2024-12,Z04,Nairobi-Westlands,Afrique de l'Est,4,198000,High,C03,Suivi de terrain,Monitoring,Quality,Visits,M04,J. Kamau,Equipe Nairobi,Zone Manager,Senior,17,11,0,0,15,10,4,3,3,5,4,2,2833648,2561582,2642386,-272066,-9.6,0.6471,,0.6667,0.75,0.904,1
2024-12-01,2024,Q4,12,December,Dec 2024,2024-12,Z04,Nairobi-Westlands,Afrique de l'Est,4,198000,High,C04,Appui ciblé,Support,Results,Cases,M04,J. Kamau,Equipe Nairobi,Zone Manager,Senior,10,7,179,143,152,102,4,4,3,7,6,1,1569005,1367086,1420535,-201919,-12.9,0.7,0.7989,0.6711,0.75,0.8713,1
2024-12-01,2024,Q4,12,December,Dec 2024,2024-12,Z05,Kinshasa-Gombe,Afrique Centrale,3,210000,Medium,C01,Mobilisation communautaire,Outreach,Engagement,Sessions,M05,P. Mukendi,Equipe Kinshasa,Zone Manager,Mid,13,7,494,258,11,6,4,3,2,6,4,2,2633860,1580316,1597297,-1053544,-40.0,0.5385,0.5223,0.5455,0.5,0.6,1
2024-12-01,2024,Q4,12,December,Dec 2024,2024-12,Z05,Kinshasa-Gombe,Afrique Centrale,3,210000,Medium,C02,Formation,Capacity Building,Skills,Participants,M05,P. Mukendi,Equipe Kinshasa,Zone Manager,Mid,8,5,199,99,199,106,4,2,2,6,4,2,1832953,1110132,1146940,-722821,-39.4,0.625,0.4975,0.5327,0.5,0.6057,1
2024-12-01,2024,Q4,12,December,Dec 2024,2024-12,Z05,Kinshasa-Gombe,Afrique Centrale,3,210000,Medium,C03,Suivi de terrain,Monitoring,Quality,Visits,M05,P. Mukendi,Equipe Kinshasa,Zone Manager,Mid,16,9,0,0,17,10,4,3,2,4,3,2,2801641,1680985,1737469,-1120656,-40.0,0.5625,,0.5882,0.5,0.6,1
2024-12-01,2024,Q4,12,December,Dec 2024,2024-12,Z05,Kinshasa-Gombe,Afrique Centrale,3,210000,Medium,C04,Appui ciblé,Support,Results,Cases,M05,P. Mukendi,Equipe Kinshasa,Zone Manager,Mid,10,4,150,49,151,52,4,2,2,4,2,3,1737582,2042218,2135669,304636,17.5,0.4,0.3267,0.3444,0.5,1.1753,1
2024-12-01,2024,Q4,12,December,Dec 2024,2024-12,Z06,Casablanca-Anfa,Afrique du Nord,5,155000,Medium,C01,Mobilisation communautaire,Outreach,Engagement,Sessions,M06,H. Benchekroun,Equipe Casablanca,Zone Manager,Mid,12,10,504,380,12,10,4,4,4,3,3,2,2541473,1824585,1869530,-716888,-28.2,0.8333,0.754,0.8333,1.0,0.7179,1
2024-12-01,2024,Q4,12,December,Dec 2024,2024-12,Z06,Casablanca-Anfa,Afrique du Nord,5,155000,Medium,C02,Formation,Capacity Building,Skills,Participants,M06,H. Benchekroun,Equipe Casablanca,Zone Manager,Mid,9,6,220,139,202,125,4,2,2,6,4,4,1758538,1473790,1541080,-284748,-16.2,0.6667,0.6318,0.6188,0.5,0.8381,1
2024-12-01,2024,Q4,12,December,Dec 2024,2024-12,Z06,Casablanca-Anfa,Afrique du Nord,5,155000,Medium,C03,Suivi de terrain,Monitoring,Quality,Visits,M06,H. Benchekroun,Equipe Casablanca,Zone Manager,Mid,16,11,0,0,17,12,4,2,2,3,2,4,2754560,2244321,2308482,-510239,-18.5,0.6875,,0.7059,0.5,0.8148,1
2024-12-01,2024,Q4,12,December,Dec 2024,2024-12,Z06,Casablanca-Anfa,Afrique du Nord,5,155000,Medium,C04,Appui ciblé,Support,Results,Cases,M06,H. Benchekroun,Equipe Casablanca,Zone Manager,Mid,11,8,134,101,152,117,4,4,3,6,5,2,1633801,1258870,1276019,-374931,-22.9,0.7273,0.7537,0.7697,0.75,0.7705,1
2025-01-01,2025,Q1,1,January,Jan 2025,2025-01,Z01,Abidjan-Plateau,Afrique de l'Ouest,5,185000,High,C01,Mobilisation communautaire,Outreach,Engagement,Sessions,M01,A. Kouamé,Equipe Abidjan,Zone Manager,Senior,12,10,496,416,14,12,4,3,3,1,1,1,2495385,2025136,2114079,-470249,-18.8,0.8333,0.8387,0.8571,0.75,0.8116,0
2025-01-01,2025,Q1,1,January,Jan 2025,2025-01,Z01,Abidjan-Plateau,Afrique de l'Ouest,5,185000,High,C02,Formation,Capacity Building,Skills,Participants,M01,A. Kouamé,Equipe Abidjan,Zone Manager,Senior,7,5,187,128,200,150,4,4,3,4,3,1,1911429,1717984,1802636,-193445,-10.1,0.7143,0.6845,0.75,0.75,0.8988,1
2025-01-01,2025,Q1,1,January,Jan 2025,2025-01,Z01,Abidjan-Plateau,Afrique de l'Ouest,5,185000,High,C03,Suivi de terrain,Monitoring,Quality,Visits,M01,A. Kouamé,Equipe Abidjan,Zone Manager,Senior,16,14,0,0,14,12,4,4,3,3,3,0,2779348,2602493,2674969,-176855,-6.4,0.875,,0.8571,0.75,0.9364,0
2025-01-01,2025,Q1,1,January,Jan 2025,2025-01,Z01,Abidjan-Plateau,Afrique de l'Ouest,5,185000,High,C04,Appui ciblé,Support,Results,Cases,M01,A. Kouamé,Equipe Abidjan,Zone Manager,Senior,12,10,170,141,151,126,4,4,3,3,3,1,1546961,1488557,1537165,-58404,-3.8,0.8333,0.8294,0.8344,0.75,0.9622,0
2025-01-01,2025,Q1,1,January,Jan 2025,2025-01,Z02,Dakar-Almadies,Afrique de l'Ouest,4,142000,Medium,C01,Mobilisation communautaire,Outreach,Engagement,Sessions,M02,S. Diallo,Equipe Dakar,Zone Manager,Senior,14,11,464,358,12,9,4,4,3,3,3,1,2548324,1950130,2027037,-598194,-23.5,0.7857,0.7716,0.75,0.75,0.7653,1
2025-01-01,2025,Q1,1,January,Jan 2025,2025-01,Z02,Dakar-Almadies,Afrique de l'Ouest,4,142000,Medium,C02,Formation,Capacity Building,Skills,Participants,M02,S. Diallo,Equipe Dakar,Zone Manager,Senior,10,7,224,147,200,143,4,2,2,3,3,1,1826747,1310787,1373137,-515960,-28.2,0.7,0.6562,0.715,0.5,0.7176,1
2025-01-01,2025,Q1,1,January,Jan 2025,2025-01,Z02,Dakar-Almadies,Afrique de l'Ouest,4,142000,Medium,C03,Suivi de terrain,Monitoring,Quality,Visits,M02,S. Diallo,Equipe Dakar,Zone Manager,Senior,15,11,0,0,17,13,4,3,2,4,3,1,2610595,2254269,2282480,-356326,-13.6,0.7333,,0.7647,0.5,0.8635,1
2025-01-01,2025,Q1,1,January,Jan 2025,2025-01,Z02,Dakar-Almadies,Afrique de l'Ouest,4,142000,Medium,C04,Appui ciblé,Support,Results,Cases,M02,S. Diallo,Equipe Dakar,Zone Manager,Senior,10,8,158,121,151,115,4,4,3,6,5,2,1596845,1466002,1494385,-130843,-8.2,0.8,0.7658,0.7616,0.75,0.9181,1
2025-01-01,2025,Q1,1,January,Jan 2025,2025-01,Z03,Douala-Littoral,Afrique Centrale,6,167000,High,C01,Mobilisation communautaire,Outreach,Engagement,Sessions,M03,R. Mbarga,Equipe Douala,Zone Manager,Mid,11,9,468,391,11,9,4,4,3,2,2,0,2575265,2459738,2519879,-115527,-4.5,0.8182,0.8355,0.8182,0.75,0.9551,0
2025-01-01,2025,Q1,1,January,Jan 2025,2025-01,Z03,Douala-Littoral,Afrique Centrale,6,167000,High,C02,Formation,Capacity Building,Skills,Participants,M03,R. Mbarga,Equipe Douala,Zone Manager,Mid,7,6,195,158,201,173,4,4,3,1,1,1,1823122,1907324,1996427,84202,4.6,0.8571,0.8103,0.8607,0.75,1.0462,0
2025-01-01,2025,Q1,1,January,Jan 2025,2025-01,Z03,Douala-Littoral,Afrique Centrale,6,167000,High,C03,Suivi de terrain,Monitoring,Quality,Visits,M03,R. Mbarga,Equipe Douala,Zone Manager,Mid,14,12,0,0,15,12,4,4,3,3,3,1,2831093,3061401,3131699,230308,8.1,0.8571,,0.8,0.75,1.0813,1
2025-01-01,2025,Q1,1,January,Jan 2025,2025-01,Z03,Douala-Littoral,Afrique Centrale,6,167000,High,C04,Appui ciblé,Support,Results,Cases,M03,R. Mbarga,Equipe Douala,Zone Manager,Mid,11,8,150,102,150,97,4,4,3,5,4,1,1684480,1631353,1710861,-53127,-3.2,0.7273,0.68,0.6467,0.75,0.9685,1
2025-01-01,2025,Q1,1,January,Jan 2025,2025-01,Z04,Nairobi-Westlands,Afrique de l'Est,4,198000,High,C01,Mobilisation communautaire,Outreach,Engagement,Sessions,M04,J. Kamau,Equipe Nairobi,Zone Manager,Senior,11,9,461,317,11,9,4,3,3,2,2,2,2566085,2398361,2447606,-167724,-6.5,0.8182,0.6876,0.8182,0.75,0.9346,1
2025-01-01,2025,Q1,1,January,Jan 2025,2025-01,Z04,Nairobi-Westlands,Afrique de l'Est,4,198000,High,C02,Formation,Capacity Building,Skills,Participants,M04,J. Kamau,Equipe Nairobi,Zone Manager,Senior,10,8,207,149,202,163,4,4,3,5,4,1,1842698,1437469,1484627,-405229,-22.0,0.8,0.7198,0.8069,0.75,0.7801,1
2025-01-01,2025,Q1,1,January,Jan 2025,2025-01,Z04,Nairobi-Westlands,Afrique de l'Est,4,198000,High,C03,Suivi de terrain,Monitoring,Quality,Visits,M04,J. Kamau,Equipe Nairobi,Zone Manager,Senior,15,12,0,0,15,11,4,3,3,5,4,2,2698739,2287046,2369685,-411693,-15.3,0.8,,0.7333,0.75,0.8474,1
2025-01-01,2025,Q1,1,January,Jan 2025,2025-01,Z04,Nairobi-Westlands,Afrique de l'Est,4,198000,High,C04,Appui ciblé,Support,Results,Cases,M04,J. Kamau,Equipe Nairobi,Zone Manager,Senior,9,7,145,101,149,120,4,3,3,5,4,1,1719013,1431854,1450631,-287159,-16.7,0.7778,0.6966,0.8054,0.75,0.833,1
2025-01-01,2025,Q1,1,January,Jan 2025,2025-01,Z05,Kinshasa-Gombe,Afrique Centrale,3,210000,Medium,C01,Mobilisation communautaire,Outreach,Engagement,Sessions,M05,P. Mukendi,Equipe Kinshasa,Zone Manager,Mid,11,7,470,343,14,10,4,3,3,4,3,3,2465951,1479571,1524927,-986380,-40.0,0.6364,0.7298,0.7143,0.75,0.6,1
2025-01-01,2025,Q1,1,January,Jan 2025,2025-01,Z05,Kinshasa-Gombe,Afrique Centrale,3,210000,Medium,C02,Formation,Capacity Building,Skills,Participants,M05,P. Mukendi,Equipe Kinshasa,Zone Manager,Mid,9,6,226,168,199,136,4,4,3,5,4,4,1792510,1383360,1442415,-409150,-22.8,0.6667,0.7434,0.6834,0.75,0.7717,1
2025-01-01,2025,Q1,1,January,Jan 2025,2025-01,Z05,Kinshasa-Gombe,Afrique Centrale,3,210000,Medium,C03,Suivi de terrain,Monitoring,Quality,Visits,M05,P. Mukendi,Equipe Kinshasa,Zone Manager,Mid,14,10,0,0,17,11,4,4,3,7,6,2,2690448,1644952,1701157,-1045496,-38.9,0.7143,,0.6471,0.75,0.6114,1
2025-01-01,2025,Q1,1,January,Jan 2025,2025-01,Z05,Kinshasa-Gombe,Afrique Centrale,3,210000,Medium,C04,Appui ciblé,Support,Results,Cases,M05,P. Mukendi,Equipe Kinshasa,Zone Manager,Mid,9,4,166,73,149,63,4,2,2,3,2,2,1631553,1980423,2018446,348870,21.4,0.4444,0.4398,0.4228,0.5,1.2138,1
2025-01-01,2025,Q1,1,January,Jan 2025,2025-01,Z06,Casablanca-Anfa,Afrique du Nord,5,155000,Medium,C01,Mobilisation communautaire,Outreach,Engagement,Sessions,M06,H. Benchekroun,Equipe Casablanca,Zone Manager,Mid,12,10,471,380,11,8,4,4,3,4,4,2,2534883,1968039,2038375,-566844,-22.4,0.8333,0.8068,0.7273,0.75,0.7764,1
2025-01-01,2025,Q1,1,January,Jan 2025,2025-01,Z06,Casablanca-Anfa,Afrique du Nord,5,155000,Medium,C02,Formation,Capacity Building,Skills,Participants,M06,H. Benchekroun,Equipe Casablanca,Zone Manager,Mid,9,7,197,169,199,145,4,2,2,4,3,1,1755447,1475619,1525909,-279828,-15.9,0.7778,0.8579,0.7286,0.5,0.8406,1
2025-01-01,2025,Q1,1,January,Jan 2025,2025-01,Z06,Casablanca-Anfa,Afrique du Nord,5,155000,Medium,C03,Suivi de terrain,Monitoring,Quality,Visits,M06,H. Benchekroun,Equipe Casablanca,Zone Manager,Mid,17,14,0,0,14,12,4,4,3,5,4,1,2814159,2387634,2422812,-426525,-15.2,0.8235,,0.8571,0.75,0.8484,0
2025-01-01,2025,Q1,1,January,Jan 2025,2025-01,Z06,Casablanca-Anfa,Afrique du Nord,5,155000,Medium,C04,Appui ciblé,Support,Results,Cases,M06,H. Benchekroun,Equipe Casablanca,Zone Manager,Mid,10,7,148,109,151,112,4,3,3,7,6,2,1560383,1207467,1225016,-352916,-22.6,0.7,0.7365,0.7417,0.75,0.7738,1
2025-02-01,2025,Q1,2,February,Feb 2025,2025-02,Z01,Abidjan-Plateau,Afrique de l'Ouest,5,185000,High,C01,Mobilisation communautaire,Outreach,Engagement,Sessions,M01,A. Kouamé,Equipe Abidjan,Zone Manager,Senior,12,11,469,443,11,11,4,4,4,3,3,0,2577007,2390066,2459743,-186941,-7.3,0.9167,0.9446,1.0,1.0,0.9275,0
2025-02-01,2025,Q1,2,February,Feb 2025,2025-02,Z01,Abidjan-Plateau,Afrique de l'Ouest,5,185000,High,C02,Formation,Capacity Building,Skills,Participants,M01,A. Kouamé,Equipe Abidjan,Zone Manager,Senior,9,8,180,149,202,192,4,3,3,1,1,0,1755234,1451751,1490129,-303483,-17.3,0.8889,0.8278,0.9505,0.75,0.8271,0
2025-02-01,2025,Q1,2,February,Feb 2025,2025-02,Z01,Abidjan-Plateau,Afrique de l'Ouest,5,185000,High,C03,Suivi de terrain,Monitoring,Quality,Visits,M01,A. Kouamé,Equipe Abidjan,Zone Manager,Senior,17,14,0,0,14,12,4,4,3,1,1,1,2663876,2272886,2299537,-390990,-14.7,0.8235,,0.8571,0.75,0.8532,0
2025-02-01,2025,Q1,2,February,Feb 2025,2025-02,Z01,Abidjan-Plateau,Afrique de l'Ouest,5,185000,High,C04,Appui ciblé,Support,Results,Cases,M01,A. Kouamé,Equipe Abidjan,Zone Manager,Senior,12,11,174,157,151,134,4,3,3,3,3,0,1650336,1440751,1484702,-209585,-12.7,0.9167,0.9023,0.8874,0.75,0.873,0
2025-02-01,2025,Q1,2,February,Feb 2025,2025-02,Z02,Dakar-Almadies,Afrique de l'Ouest,4,142000,Medium,C01,Mobilisation communautaire,Outreach,Engagement,Sessions,M02,S. Diallo,Equipe Dakar,Zone Manager,Senior,11,10,497,469,11,9,4,4,4,2,2,0,2633517,2191888,2263981,-441629,-16.8,0.9091,0.9437,0.8182,1.0,0.8323,0
2025-02-01,2025,Q1,2,February,Feb 2025,2025-02,Z02,Dakar-Almadies,Afrique de l'Ouest,4,142000,Medium,C02,Formation,Capacity Building,Skills,Participants,M02,S. Diallo,Equipe Dakar,Zone Manager,Senior,10,8,224,191,201,160,4,3,3,1,1,1,1714656,1574191,1622465,-140465,-8.2,0.8,0.8527,0.796,0.75,0.9181,0
2025-02-01,2025,Q1,2,February,Feb 2025,2025-02,Z02,Dakar-Almadies,Afrique de l'Ouest,4,142000,Medium,C03,Suivi de terrain,Monitoring,Quality,Visits,M02,S. Diallo,Equipe Dakar,Zone Manager,Senior,15,12,0,0,14,12,4,4,4,1,1,2,2706287,2617962,2706905,-88325,-3.3,0.8,,0.8571,1.0,0.9674,1
2025-02-01,2025,Q1,2,February,Feb 2025,2025-02,Z02,Dakar-Almadies,Afrique de l'Ouest,4,142000,Medium,C04,Appui ciblé,Support,Results,Cases,M02,S. Diallo,Equipe Dakar,Zone Manager,Senior,11,9,159,133,151,129,4,4,3,3,3,1,1647745,1268868,1318505,-378877,-23.0,0.8182,0.8365,0.8543,0.75,0.7701,0
2025-02-01,2025,Q1,2,February,Feb 2025,2025-02,Z03,Douala-Littoral,Afrique Centrale,6,167000,High,C01,Mobilisation communautaire,Outreach,Engagement,Sessions,M03,R. Mbarga,Equipe Douala,Zone Manager,Mid,12,11,465,464,12,11,4,3,3,3,3,0,2615299,2160917,2207027,-454382,-17.4,0.9167,0.9978,0.9167,0.75,0.8263,0
2025-02-01,2025,Q1,2,February,Feb 2025,2025-02,Z03,Douala-Littoral,Afrique Centrale,6,167000,High,C02,Formation,Capacity Building,Skills,Participants,M03,R. Mbarga,Equipe Douala,Zone Manager,Mid,8,7,181,170,202,178,4,4,3,1,1,0,1722478,1614091,1660668,-108387,-6.3,0.875,0.9392,0.8812,0.75,0.9371,0
2025-02-01,2025,Q1,2,February,Feb 2025,2025-02,Z03,Douala-Littoral,Afrique Centrale,6,167000,High,C03,Suivi de terrain,Monitoring,Quality,Visits,M03,R. Mbarga,Equipe Douala,Zone Manager,Mid,15,12,0,0,14,12,4,4,3,4,4,1,2726266,2726677,2772547,411,0.0,0.8,,0.8571,0.75,1.0002,0
2025-02-01,2025,Q1,2,February,Feb 2025,2025-02,Z03,Douala-Littoral,Afrique Centrale,6,167000,High,C04,Appui ciblé,Support,Results,Cases,M03,R. Mbarga,Equipe Douala,Zone Manager,Mid,9,8,167,143,151,138,4,3,3,1,1,0,1717674,1531824,1582843,-185850,-10.8,0.8889,0.8563,0.9139,0.75,0.8918,0
2025-02-01,2025,Q1,2,February,Feb 2025,2025-02,Z04,Nairobi-Westlands,Afrique de l'Est,4,198000,High,C01,Mobilisation communautaire,Outreach,Engagement,Sessions,M04,J. Kamau,Equipe Nairobi,Zone Manager,Senior,12,11,465,397,13,12,4,3,3,1,1,0,2601192,2335105,2375445,-266087,-10.2,0.9167,0.8538,0.9231,0.75,0.8977,0
2025-02-01,2025,Q1,2,February,Feb 2025,2025-02,Z04,Nairobi-Westlands,Afrique de l'Est,4,198000,High,C02,Formation,Capacity Building,Skills,Participants,M04,J. Kamau,Equipe Nairobi,Zone Manager,Senior,10,9,211,182,199,171,4,4,4,1,1,0,1872922,1580234,1639372,-292688,-15.6,0.9,0.8626,0.8593,1.0,0.8437,0
2025-02-01,2025,Q1,2,February,Feb 2025,2025-02,Z04,Nairobi-Westlands,Afrique de l'Est,4,198000,High,C03,Suivi de terrain,Monitoring,Quality,Visits,M04,J. Kamau,Equipe Nairobi,Zone Manager,Senior,17,15,0,0,15,14,4,4,4,3,3,0,2841789,2493765,2563937,-348024,-12.2,0.8824,,0.9333,1.0,0.8775,0
2025-02-01,2025,Q1,2,February,Feb 2025,2025-02,Z04,Nairobi-Westlands,Afrique de l'Est,4,198000,High,C04,Appui ciblé,Support,Results,Cases,M04,J. Kamau,Equipe Nairobi,Zone Manager,Senior,12,10,133,117,149,123,4,4,3,3,3,1,1654821,1544119,1567726,-110702,-6.7,0.8333,0.8797,0.8255,0.75,0.9331,0
2025-02-01,2025,Q1,2,February,Feb 2025,2025-02,Z05,Kinshasa-Gombe,Afrique Centrale,3,210000,Medium,C01,Mobilisation communautaire,Outreach,Engagement,Sessions,M05,P. Mukendi,Equipe Kinshasa,Zone Manager,Mid,11,6,484,253,13,7,4,3,2,7,5,4,2404341,1693903,1724552,-710438,-29.5,0.5455,0.5227,0.5385,0.5,0.7045,1
2025-02-01,2025,Q1,2,February,Feb 2025,2025-02,Z05,Kinshasa-Gombe,Afrique Centrale,3,210000,Medium,C02,Formation,Capacity Building,Skills,Participants,M05,P. Mukendi,Equipe Kinshasa,Zone Manager,Mid,7,4,200,134,200,141,4,3,3,3,2,3,1925336,1456963,1519701,-468373,-24.3,0.5714,0.67,0.705,0.75,0.7567,1
2025-02-01,2025,Q1,2,February,Feb 2025,2025-02,Z05,Kinshasa-Gombe,Afrique Centrale,3,210000,Medium,C03,Suivi de terrain,Monitoring,Quality,Visits,M05,P. Mukendi,Equipe Kinshasa,Zone Manager,Mid,15,8,0,0,15,9,4,3,3,7,5,4,2758731,1740363,1764470,-1018368,-36.9,0.5333,,0.6,0.75,0.6309,1
2025-02-01,2025,Q1,2,February,Feb 2025,2025-02,Z05,Kinshasa-Gombe,Afrique Centrale,3,210000,Medium,C04,Appui ciblé,Support,Results,Cases,M05,P. Mukendi,Equipe Kinshasa,Zone Manager,Mid,10,6,166,111,152,86,4,3,3,4,3,2,1624746,1927709,2014668,302963,18.6,0.6,0.6687,0.5658,0.75,1.1865,1
2025-02-01,2025,Q1,2,February,Feb 2025,2025-02,Z06,Casablanca-Anfa,Afrique du Nord,5,155000,Medium,C01,Mobilisation communautaire,Outreach,Engagement,Sessions,M06,H. Benchekroun,Equipe Casablanca,Zone Manager,Mid,13,9,497,327,11,8,4,3,3,7,6,1,2539311,2006068,2064825,-533243,-21.0,0.6923,0.6579,0.7273,0.75,0.79,1
2025-02-01,2025,Q1,2,February,Feb 2025,2025-02,Z06,Casablanca-Anfa,Afrique du Nord,5,155000,Medium,C02,Formation,Capacity Building,Skills,Participants,M06,H. Benchekroun,Equipe Casablanca,Zone Manager,Mid,10,8,214,161,201,168,4,3,3,1,1,1,1734164,1420926,1486401,-313238,-18.1,0.8,0.7523,0.8358,0.75,0.8194,1
2025-02-01,2025,Q1,2,February,Feb 2025,2025-02,Z06,Casablanca-Anfa,Afrique du Nord,5,155000,Medium,C03,Suivi de terrain,Monitoring,Quality,Visits,M06,H. Benchekroun,Equipe Casablanca,Zone Manager,Mid,16,13,0,0,15,13,4,4,3,2,2,1,2741370,2412058,2510940,-329312,-12.0,0.8125,,0.8667,0.75,0.8799,0
2025-02-01,2025,Q1,2,February,Feb 2025,2025-02,Z06,Casablanca-Anfa,Afrique du Nord,5,155000,Medium,C04,Appui ciblé,Support,Results,Cases,M06,H. Benchekroun,Equipe Casablanca,Zone Manager,Mid,10,8,179,154,149,133,4,3,3,2,2,2,1670192,1180753,1212940,-489439,-29.3,0.8,0.8603,0.8926,0.75,0.707,1
2025-03-01,2025,Q1,3,March,Mar 2025,2025-03,Z01,Abidjan-Plateau,Afrique de l'Ouest,5,185000,High,C01,Mobilisation communautaire,Outreach,Engagement,Sessions,M01,A. Kouamé,Equipe Abidjan,Zone Manager,Senior,13,11,468,397,12,10,4,4,3,3,3,0,2510279,2228446,2297957,-281833,-11.2,0.8462,0.8483,0.8333,0.75,0.8877,0
2025-03-01,2025,Q1,3,March,Mar 2025,2025-03,Z01,Abidjan-Plateau,Afrique de l'Ouest,5,185000,High,C02,Formation,Capacity Building,Skills,Participants,M01,A. Kouamé,Equipe Abidjan,Zone Manager,Senior,9,8,194,184,200,166,4,4,4,1,1,0,1760158,1607035,1683428,-153123,-8.7,0.8889,0.9485,0.83,1.0,0.913,0
2025-03-01,2025,Q1,3,March,Mar 2025,2025-03,Z01,Abidjan-Plateau,Afrique de l'Ouest,5,185000,High,C03,Suivi de terrain,Monitoring,Quality,Visits,M01,A. Kouamé,Equipe Abidjan,Zone Manager,Senior,17,15,0,0,14,13,4,4,4,3,3,0,2726385,2493174,2576850,-233211,-8.6,0.8824,,0.9286,1.0,0.9145,0
2025-03-01,2025,Q1,3,March,Mar 2025,2025-03,Z01,Abidjan-Plateau,Afrique de l'Ouest,5,185000,High,C04,Appui ciblé,Support,Results,Cases,M01,A. Kouamé,Equipe Abidjan,Zone Manager,Senior,10,8,151,114,149,121,4,4,4,3,3,1,1694351,1428366,1494520,-265985,-15.7,0.8,0.755,0.8121,1.0,0.843,1
2025-03-01,2025,Q1,3,March,Mar 2025,2025-03,Z02,Dakar-Almadies,Afrique de l'Ouest,4,142000,Medium,C01,Mobilisation communautaire,Outreach,Engagement,Sessions,M02,S. Diallo,Equipe Dakar,Zone Manager,Senior,13,12,488,402,11,10,4,3,3,2,2,0,2619464,2203122,2236952,-416342,-15.9,0.9231,0.8238,0.9091,0.75,0.8411,0
2025-03-01,2025,Q1,3,March,Mar 2025,2025-03,Z02,Dakar-Almadies,Afrique de l'Ouest,4,142000,Medium,C02,Formation,Capacity Building,Skills,Participants,M02,S. Diallo,Equipe Dakar,Zone Manager,Senior,7,6,183,161,202,166,4,4,4,2,2,0,1825079,1504416,1565547,-320663,-17.6,0.8571,0.8798,0.8218,1.0,0.8243,0
2025-03-01,2025,Q1,3,March,Mar 2025,2025-03,Z02,Dakar-Almadies,Afrique de l'Ouest,4,142000,Medium,C03,Suivi de terrain,Monitoring,Quality,Visits,M02,S. Diallo,Equipe Dakar,Zone Manager,Senior,17,14,0,0,14,12,4,4,3,1,1,2,2838573,2500752,2613463,-337821,-11.9,0.8235,,0.8571,0.75,0.881,1
2025-03-01,2025,Q1,3,March,Mar 2025,2025-03,Z02,Dakar-Almadies,Afrique de l'Ouest,4,142000,Medium,C04,Appui ciblé,Support,Results,Cases,M02,S. Diallo,Equipe Dakar,Zone Manager,Senior,11,10,131,130,151,143,4,4,4,1,1,0,1607124,1305119,1331629,-302005,-18.8,0.9091,0.9924,0.947,1.0,0.8121,0
2025-03-01,2025,Q1,3,March,Mar 2025,2025-03,Z03,Douala-Littoral,Afrique Centrale,6,167000,High,C01,Mobilisation communautaire,Outreach,Engagement,Sessions,M03,R. Mbarga,Equipe Douala,Zone Manager,Mid,11,10,495,462,11,10,4,4,4,3,3,0,2401433,2144751,2215784,-256682,-10.7,0.9091,0.9333,0.9091,1.0,0.8931,0
2025-03-01,2025,Q1,3,March,Mar 2025,2025-03,Z03,Douala-Littoral,Afrique Centrale,6,167000,High,C02,Formation,Capacity Building,Skills,Participants,M03,R. Mbarga,Equipe Douala,Zone Manager,Mid,8,8,218,218,202,202,4,4,4,1,1,0,1730888,1415105,1458677,-315783,-18.2,1.0,1.0,1.0,1.0,0.8176,0
2025-03-01,2025,Q1,3,March,Mar 2025,2025-03,Z03,Douala-Littoral,Afrique Centrale,6,167000,High,C03,Suivi de terrain,Monitoring,Quality,Visits,M03,R. Mbarga,Equipe Douala,Zone Manager,Mid,16,14,0,0,16,14,4,4,4,3,3,0,2698311,2343017,2396054,-355294,-13.2,0.875,,0.875,1.0,0.8683,0
2025-03-01,2025,Q1,3,March,Mar 2025,2025-03,Z03,Douala-Littoral,Afrique Centrale,6,167000,High,C04,Appui ciblé,Support,Results,Cases,M03,R. Mbarga,Equipe Douala,Zone Manager,Mid,9,8,153,131,149,126,4,4,4,1,1,0,1594966,1346838,1366048,-248128,-15.6,0.8889,0.8562,0.8456,1.0,0.8444,0
2025-03-01,2025,Q1,3,March,Mar 2025,2025-03,Z04,Nairobi-Westlands,Afrique de l'Est,4,198000,High,C01,Mobilisation communautaire,Outreach,Engagement,Sessions,M04,J. Kamau,Equipe Nairobi,Zone Manager,Senior,13,12,465,436,14,13,4,4,3,2,2,0,2511692,2143461,2238200,-368231,-14.7,0.9231,0.9376,0.9286,0.75,0.8534,0
2025-03-01,2025,Q1,3,March,Mar 2025,2025-03,Z04,Nairobi-Westlands,Afrique de l'Est,4,198000,High,C02,Formation,Capacity Building,Skills,Participants,M04,J. Kamau,Equipe Nairobi,Zone Manager,Senior,7,6,221,181,202,172,4,4,4,1,1,2,1811034,1525987,1575714,-285047,-15.7,0.8571,0.819,0.8515,1.0,0.8426,1
2025-03-01,2025,Q1,3,March,Mar 2025,2025-03,Z04,Nairobi-Westlands,Afrique de l'Est,4,198000,High,C03,Suivi de terrain,Monitoring,Quality,Visits,M04,J. Kamau,Equipe Nairobi,Zone Manager,Senior,16,15,0,0,15,15,4,4,3,3,3,0,2760400,2389137,2485178,-371263,-13.4,0.9375,,1.0,0.75,0.8655,0
2025-03-01,2025,Q1,3,March,Mar 2025,2025-03,Z04,Nairobi-Westlands,Afrique de l'Est,4,198000,High,C04,Appui ciblé,Support,Results,Cases,M04,J. Kamau,Equipe Nairobi,Zone Manager,Senior,11,10,164,141,152,142,4,3,3,2,2,0,1608325,1559246,1609273,-49079,-3.1,0.9091,0.8598,0.9342,0.75,0.9695,0
2025-03-01,2025,Q1,3,March,Mar 2025,2025-03,Z05,Kinshasa-Gombe,Afrique Centrale,3,210000,Medium,C01,Mobilisation communautaire,Outreach,Engagement,Sessions,M05,P. Mukendi,Equipe Kinshasa,Zone Manager,Mid,14,10,496,328,12,8,4,2,2,7,6,1,2546161,1585371,1636414,-960790,-37.7,0.7143,0.6613,0.6667,0.5,0.6227,1
2025-03-01,2025,Q1,3,March,Mar 2025,2025-03,Z05,Kinshasa-Gombe,Afrique Centrale,3,210000,Medium,C02,Formation,Capacity Building,Skills,Participants,M05,P. Mukendi,Equipe Kinshasa,Zone Manager,Mid,8,6,190,153,200,151,4,4,3,3,3,2,1766526,1212443,1272508,-554083,-31.4,0.75,0.8053,0.755,0.75,0.6863,1
2025-03-01,2025,Q1,3,March,Mar 2025,2025-03,Z05,Kinshasa-Gombe,Afrique Centrale,3,210000,Medium,C03,Suivi de terrain,Monitoring,Quality,Visits,M05,P. Mukendi,Equipe Kinshasa,Zone Manager,Mid,15,11,0,0,16,11,4,2,2,3,2,2,2751427,1726744,1794832,-1024683,-37.2,0.7333,,0.6875,0.5,0.6276,1
2025-03-01,2025,Q1,3,March,Mar 2025,2025-03,Z05,Kinshasa-Gombe,Afrique Centrale,3,210000,Medium,C04,Appui ciblé,Support,Results,Cases,M05,P. Mukendi,Equipe Kinshasa,Zone Manager,Mid,11,5,163,65,152,64,4,4,2,3,2,3,1724132,2137764,2178790,413632,24.0,0.4545,0.3988,0.4211,0.5,1.2399,1
2025-03-01,2025,Q1,3,March,Mar 2025,2025-03,Z06,Casablanca-Anfa,Afrique du Nord,5,155000,Medium,C01,Mobilisation communautaire,Outreach,Engagement,Sessions,M06,H. Benchekroun,Equipe Casablanca,Zone Manager,Mid,11,10,466,428,11,10,4,4,3,2,2,0,2605287,2076907,2155772,-528380,-20.3,0.9091,0.9185,0.9091,0.75,0.7972,0
2025-03-01,2025,Q1,3,March,Mar 2025,2025-03,Z06,Casablanca-Anfa,Afrique du Nord,5,155000,Medium,C02,Formation,Capacity Building,Skills,Participants,M06,H. Benchekroun,Equipe Casablanca,Zone Manager,Mid,10,8,182,163,200,164,4,4,3,1,1,2,1742413,1529435,1592820,-212978,-12.2,0.8,0.8956,0.82,0.75,0.8778,1
2025-03-01,2025,Q1,3,March,Mar 2025,2025-03,Z06,Casablanca-Anfa,Afrique du Nord,5,155000,Medium,C03,Suivi de terrain,Monitoring,Quality,Visits,M06,H. Benchekroun,Equipe Casablanca,Zone Manager,Mid,15,13,0,0,14,12,4,4,3,1,1,0,2809939,2422522,2500099,-387417,-13.8,0.8667,,0.8571,0.75,0.8621,0
2025-03-01,2025,Q1,3,March,Mar 2025,2025-03,Z06,Casablanca-Anfa,Afrique du Nord,5,155000,Medium,C04,Appui ciblé,Support,Results,Cases,M06,H. Benchekroun,Equipe Casablanca,Zone Manager,Mid,11,9,147,126,152,125,4,4,3,4,4,2,1682729,1366644,1401581,-316085,-18.8,0.8182,0.8571,0.8224,0.75,0.8122,1
